/*
SQLyog Ultimate v10.00 Beta1
MySQL - 5.7.20 : Database - admin_sow
*********************************************************************
*/


/*!40101 SET NAMES utf8 */;

/*!40101 SET SQL_MODE=''*/;

/*!40014 SET @OLD_UNIQUE_CHECKS=@@UNIQUE_CHECKS, UNIQUE_CHECKS=0 */;
/*!40014 SET @OLD_FOREIGN_KEY_CHECKS=@@FOREIGN_KEY_CHECKS, FOREIGN_KEY_CHECKS=0 */;
/*!40101 SET @OLD_SQL_MODE=@@SQL_MODE, SQL_MODE='NO_AUTO_VALUE_ON_ZERO' */;
/*!40111 SET @OLD_SQL_NOTES=@@SQL_NOTES, SQL_NOTES=0 */;
CREATE DATABASE /*!32312 IF NOT EXISTS*/`admin_sow` /*!40100 DEFAULT CHARACTER SET utf8 */;

USE `admin_sow`;

/*Table structure for table `sys_area` */

DROP TABLE IF EXISTS `sys_area`;

CREATE TABLE `sys_area` (
  `id` BIGINT(20) NOT NULL AUTO_INCREMENT COMMENT '主键',
  `area_code` VARCHAR(128) NOT NULL COMMENT '区域代码',
  `area_name` VARCHAR(128) NOT NULL COMMENT '区域名称',
  `area_type` VARCHAR(128) DEFAULT NULL COMMENT '区域类型',
  `sort` BIGINT(20) DEFAULT NULL COMMENT '排序字段',
  `parent_id` BIGINT(20) DEFAULT NULL COMMENT '父节点id',
  `create_user_id` BIGINT(20) DEFAULT NULL COMMENT '创建人',
  `update_user_id` BIGINT(20) DEFAULT NULL COMMENT '修改人',
  PRIMARY KEY (`id`)
) ENGINE=INNODB AUTO_INCREMENT=7 DEFAULT CHARSET=utf8 ROW_FORMAT=DYNAMIC COMMENT='行政区划';

/*Data for the table `sys_area` */

INSERT  INTO `sys_area`(`id`,`area_code`,`area_name`,`area_type`,`sort`,`parent_id`,`create_user_id`,`update_user_id`) VALUES (1,'001','中国',NULL,NULL,0,NULL,NULL),(2,'002','山东省',NULL,NULL,1,NULL,NULL),(3,'003','山西省',NULL,NULL,1,NULL,NULL),(4,'0021','青岛市',NULL,NULL,2,NULL,NULL),(5,'0031','太原市',NULL,NULL,3,NULL,NULL),(6,'00211','李沧区',NULL,NULL,4,1,NULL);

/*Table structure for table `sys_dict` */

DROP TABLE IF EXISTS `sys_dict`;

CREATE TABLE `sys_dict` (
  `id` BIGINT(20) NOT NULL AUTO_INCREMENT COMMENT '主键',
  `dict_name` VARCHAR(128) NOT NULL COMMENT '字典名称',
  `dict_code` VARCHAR(128) NOT NULL COMMENT '字典代码',
  `create_user_id` BIGINT(20) DEFAULT NULL COMMENT '创建人',
  `update_user_id` BIGINT(20) DEFAULT NULL COMMENT '修改人',
  `parent_id` BIGINT(20) DEFAULT NULL COMMENT '父节点id',
  `dict_value` VARCHAR(1000) NOT NULL COMMENT '字典值',
  `sort` INT(5) DEFAULT NULL COMMENT '排序字段',
  PRIMARY KEY (`id`)
) ENGINE=INNODB AUTO_INCREMENT=12 DEFAULT CHARSET=utf8 ROW_FORMAT=DYNAMIC COMMENT='字典表';

/*Data for the table `sys_dict` */

INSERT  INTO `sys_dict`(`id`,`dict_name`,`dict_code`,`create_user_id`,`update_user_id`,`parent_id`,`dict_value`,`sort`) VALUES (1,'系统字典树','system',NULL,NULL,0,'根节点',NULL),(2,'任务类型','taskType',1,NULL,1,'定义任务类型',1),(3,'图层组','layerGroup',1,NULL,1,'定义图层组',2),(6,'专题图','topicLayer',1,NULL,3,'topicLayer',0),(7,'日志类型','logtype',1,NULL,1,'logtype',1),(8,'业务日志','worklog',1,NULL,7,'worklog',2),(9,'运维日志','adminLog',3,NULL,7,'adminLog',11),(10,'调制列表','audioList',3,NULL,1,'audioList',2),(11,'曲线图配置','valueConfig',3,NULL,1,'{\"spectrumMax\":0,\"spectrumMin\":-100,\"audioMax\":0,\"audioMin\":-120,\"aviationMax\":0,\"aviationMin\":-100}',100);

/*Table structure for table `sys_file` */

DROP TABLE IF EXISTS `sys_file`;

CREATE TABLE `sys_file` (
  `id` BIGINT(20) NOT NULL AUTO_INCREMENT,
  `name` VARCHAR(255) DEFAULT NULL COMMENT '文件名',
  `size` BIGINT(20) DEFAULT NULL COMMENT '文件大小，字节',
  `type` VARCHAR(255) DEFAULT NULL COMMENT '文件类型',
  `path` VARCHAR(255) DEFAULT NULL COMMENT '文件路径',
  `remarks` VARCHAR(255) DEFAULT NULL COMMENT '备注',
  `create_user_id` VARCHAR(32) DEFAULT NULL COMMENT '创建人',
  `create_at` DATETIME DEFAULT NULL COMMENT '创建时间',
  `is_delete` INT(11) DEFAULT '0' COMMENT '0正常1删除',
  PRIMARY KEY (`id`)
) ENGINE=INNODB AUTO_INCREMENT=17 DEFAULT CHARSET=utf8 ROW_FORMAT=DYNAMIC;

/*Data for the table `sys_file` */

INSERT  INTO `sys_file`(`id`,`name`,`size`,`type`,`path`,`remarks`,`create_user_id`,`create_at`,`is_delete`) VALUES (1,'2018-12-04-14-17-42.sql',NULL,NULL,'D:\\emv\\file\\sql\\2018-12-04-14-17-42.sql',NULL,NULL,'2018-12-04 14:17:46',0),(2,'2018-12-04-16-48-23emv.sql',NULL,'sql','D:\\emv\\file\\sql\\2018-12-04-16-48-23emv.sql',NULL,NULL,'2018-12-04 16:48:24',0),(3,'2018-12-06-10-17-34orcl.dmp',NULL,'sql','D:\\emv\\file\\sql\\2018-12-06-10-17-34orcl.dmp',NULL,NULL,'2018-12-06 10:19:25',0),(4,'2018-12-06-10-19-22emv.sql',NULL,'sql','D:\\emv\\file\\sql\\2018-12-06-10-19-22emv.sql',NULL,NULL,'2018-12-06 10:19:25',0),(5,'2018-12-06-15-05-27emv.sql',NULL,'sql','D:\\ltauth\\file\\sql\\2018-12-06-15-05-27emv.sql',NULL,NULL,'2018-12-06 15:06:02',0),(6,'2018-12-06-15-23-02emv.sql',NULL,'sql','D:\\ltauth\\file\\sql\\2018-12-06-15-23-02emv.sql',NULL,NULL,'2018-12-06 15:23:02',0),(7,'2018-12-06-15-24-53orcl.dmp',NULL,'sql','D:\\ltauth\\file\\sql\\2018-12-06-15-24-53orcl.dmp',NULL,NULL,'2018-12-06 15:26:40',0),(8,'2018-12-10-13-41-26emv.sql',NULL,'sql','D:\\ltauth\\file\\sql\\2018-12-10-13-41-26emv.sql',NULL,NULL,'2018-12-10 13:41:27',0),(9,'2019-02-13-08-33-29leas.sql',NULL,'sql','D:\\emv\\file\\sql\\2019-02-13-08-33-29leas.sql',NULL,NULL,'2019-02-13 08:33:35',0),(10,'2019-02-13-16-40-15emv.sql',NULL,'sql','D:\\emv\\file\\sql\\2019-02-13-16-40-15emv.sql',NULL,NULL,'2019-02-13 16:40:22',0),(11,'2019-02-18-22-59-52leas.sql',NULL,'sql','D:\\emv\\file\\sql\\2019-02-18-22-59-52leas.sql',NULL,NULL,'2019-02-18 23:00:02',0),(12,'2019-04-10-08-37-37leas.sql',NULL,'sql','D:\\emv\\file\\sql\\2019-04-10-08-37-37leas.sql',NULL,NULL,'2019-04-10 08:37:43',0),(13,'2019-05-19-08-34-37leas.sql',NULL,'sql','D:\\emv\\file\\sql\\2019-05-19-08-34-37leas.sql',NULL,NULL,'2019-05-19 08:34:40',0),(14,'2019-05-22-08-33-25leas.sql',NULL,'sql','D:\\emv\\file\\sql\\2019-05-22-08-33-25leas.sql',NULL,NULL,'2019-05-22 08:33:29',0),(15,'2019-05-27-08-30-41leas.sql',NULL,'sql','D:\\emv\\file\\sql\\2019-05-27-08-30-41leas.sql',NULL,NULL,'2019-05-27 08:30:48',0),(16,'2019-05-27-10-40-45emv.sql',NULL,'sql','D:\\emv\\file\\sql\\2019-05-27-10-40-45emv.sql',NULL,NULL,'2019-05-27 10:40:53',0);

/*Table structure for table `sys_log` */

DROP TABLE IF EXISTS `sys_log`;

CREATE TABLE `sys_log` (
  `id` BIGINT(20) NOT NULL AUTO_INCREMENT COMMENT '主键',
  `user_id` BIGINT(20) DEFAULT NULL COMMENT '记录用户id',
  `log_type` VARCHAR(128) DEFAULT NULL COMMENT '日志类型',
  `create_time` DATETIME NOT NULL COMMENT '创建时间',
  `event` VARCHAR(1000) DEFAULT NULL COMMENT '事件',
  `over_time` DATETIME DEFAULT NULL COMMENT '结束时间',
  `detail` LONGTEXT COMMENT '详细信息',
  PRIMARY KEY (`id`)
) ENGINE=INNODB AUTO_INCREMENT=575 DEFAULT CHARSET=utf8 ROW_FORMAT=DYNAMIC COMMENT='字典项表';

/*Data for the table `sys_log` */

INSERT  INTO `sys_log`(`id`,`user_id`,`log_type`,`create_time`,`event`,`over_time`,`detail`) VALUES (1,2,'3','2018-10-27 17:09:47','删除了一条信息','2018-10-27 17:10:06',NULL),(10,1,'worklog','2018-10-26 14:30:58','对用户名为:admin的用户执行了修改操作','2018-10-26 14:31:05','{\"menuUrl\":\"../image/\",\"menuName\":\"首页菜单\",\"id\":2,\"menuRoute\":\"http://10.0.0.1/#/\",\"parentId\":1,\"_index\":0,\"_rowKey\":7,\"sort\":\"2\"}'),(11,1,'2','2018-11-22 09:43:42','{\"menuUrl\":\"../image/\",\"menuName\":\"首页菜单\",\"id\":2,\"menuRoute\":\"http://10.0.0.1/#/\",\"parentId\":1,\"_index\":0,\"_rowKey\":7,\"sort\":\"2\"}','2018-11-22 09:43:42',NULL),(12,1,'2','2018-11-22 09:43:58','{\"menuUrl\":\"../image/\",\"menuName\":\"首页\",\"id\":5,\"menuRoute\":\"http://10.0.0.1/#/concat\",\"parentId\":2,\"_index\":1,\"_rowKey\":11,\"sort\":\"3\"}','2018-11-22 09:43:58',NULL),(13,1,'2','2018-11-22 09:44:18','{\"menuUrl\":\"../image/\",\"menuName\":\"系统管理\",\"id\":6,\"menuRoute\":\"http://10.0.0.1/#/concat\",\"parentId\":2,\"_index\":2,\"_rowKey\":15,\"sort\":\"3\"}','2018-11-22 09:44:18',NULL),(14,1,'3','2018-11-22 09:44:28','删除了名为:四级的菜单','2018-11-22 09:44:28',NULL),(15,1,'2','2018-11-22 09:44:52','{\"menuUrl\":\"../image/\",\"menuName\":\"系统管理-菜单\",\"id\":3,\"menuRoute\":\"http://10.0.0.1/#/\",\"parentId\":1,\"_index\":0,\"_rowKey\":30,\"sort\":\"4\"}','2018-11-22 09:44:52',NULL),(16,1,'2','2018-11-22 09:45:10','{\"menuUrl\":\"../image/\",\"menuIcon\":\"5\",\"menuName\":\"用户管理\",\"id\":7,\"menuRoute\":\"http://10.0.0.1/#/concat\",\"parentId\":3,\"_index\":1,\"_rowKey\":35,\"sort\":\"5\"}','2018-11-22 09:45:10',NULL),(17,1,'1','2018-11-22 09:45:34','{\"menuUrl\":\"aaa\",\"menuIcon\":\"\",\"menuName\":\"角色管理\",\"id\":\"\",\"menuRoute\":\"\",\"parentId\":\"3\",\"_index\":\"\",\"_rowKey\":\"\",\"sort\":\"4\"}','2018-11-22 09:45:34',NULL),(18,1,'1','2018-11-22 09:45:53','{\"menuUrl\":\"aaa\",\"menuIcon\":\"\",\"menuName\":\"权限管理\",\"id\":\"\",\"menuRoute\":\"\",\"parentId\":\"3\",\"_index\":\"\",\"_rowKey\":\"\",\"sort\":\"7\"}','2018-11-22 09:45:53',NULL),(19,1,'1','2018-11-22 09:55:24','{\"id\":\"\",\"dictCode\":\"logtype\",\"dictName\":\"日志类型\",\"aredictValue\":\"\",\"sort\":\"1\",\"parentId\":\"1\",\"dictValue\":\"logtype\"}','2018-11-22 09:55:24',NULL),(20,1,'1','2018-11-22 09:56:11','{\"id\":\"\",\"dictCode\":\"worklog\",\"dictName\":\"业务日志\",\"aredictValue\":\"\",\"sort\":\"2\",\"parentId\":\"7\",\"dictValue\":\"worklog\"}','2018-11-22 09:56:11',NULL),(21,1,'2','2018-11-29 16:27:47','修改了用户名为:1111的信息','2018-11-29 16:27:47',NULL),(22,1,'2','2018-11-30 13:05:12','{\"organName\":\"府山街道无线电\",\"password\":\"7e5481d3495a294be63266e66b4d2c53\",\"createTime\":\"2018-09-07 10:14:21\",\"displayName\":\"admin5\",\"isEnabled\":true,\"organId\":3,\"updateTime\":\"2018-11-12 11:10:13\",\"remark\":\"管理员哦\",\"id\":1,\"avatar\":\"\",\"lastPassword\":\"\",\"username\":\"admin\",\"_index\":0,\"_rowKey\":1,\"isEnableType\":\"激活\",\"phone\":\"11111111111\",\"email\":\"nnn@qq.com\"}','2018-11-30 13:05:12',NULL),(23,1,'2','2018-11-30 13:05:27','{\"displayName\":\"admin5\",\"updateTime\":\"2018-11-30 13:05:12\",\"remark\":\"管理员哦\",\"avatar\":\"\",\"lastPassword\":\"\",\"organName\":\"青岛市无线电管理\",\"password\":\"7e5481d3495a294be63266e66b4d2c53\",\"createTime\":\"2018-09-07 10:14:21\",\"phone\":\"11111111111\",\"isEnabled\":true,\"organId\":\"1\",\"id\":1,\"email\":\"nnn@qq.com\",\"username\":\"admin\",\"_index\":0,\"_rowKey\":3,\"isEnableType\":\"激活\"}','2018-11-30 13:05:27',NULL),(24,1,'3','2018-11-30 13:05:42','删除了名为:admin的用户','2018-11-30 13:05:42',NULL),(25,2,'1','2018-11-30 13:09:12','{\"createUserId\":\"\",\"displayName\":\"管理员\",\"updateTime\":\"\",\"remark\":\"\",\"avatar\":\"\",\"lastPassword\":\"\",\"organName\":\"青岛市无线电管理\",\"password\":\"admin\",\"createTime\":\"\",\"isEnabled\":1,\"organId\":\"1\",\"id\":\"\",\"username\":\"admin\",\"_index\":\"\",\"_rowKey\":\"\",\"isEnableType\":\"\",\"email\":\"sss@163.com\",\"phone\":\"11111111111\"}','2018-11-30 13:09:12',NULL),(26,3,'2','2018-11-30 14:53:18','{\"roleCode\":\"ROLE_ADMIN\",\"isEnabled\":true,\"roleName\":\"超级管理员\",\"name\":\"ROLE_ADMIN\",\"id\":1,\"roleType\":\"ADMIN\",\"_index\":0,\"_rowKey\":1}','2018-11-30 14:53:18',NULL),(27,3,'2','2018-11-30 15:33:54','{\"createUserId\":1,\"displayName\":\"wbz001\",\"updateTime\":\"2018-11-29 16:27:47\",\"remark\":\"我啊\",\"avatar\":\"\",\"lastPassword\":\"\",\"organName\":\"黄岛区无线电管理\",\"password\":\"7e5481d3495a294be63266e66b4d2c53\",\"createTime\":\"2018-09-25 11:11:46\",\"isEnabled\":true,\"organId\":5,\"id\":2,\"username\":\"1111\",\"_index\":0,\"_rowKey\":1,\"isEnableType\":\"激活\",\"email\":\"ss@126.com\",\"phone\":\"11111111111\"}','2018-11-30 15:33:54',NULL),(28,3,'2','2018-11-30 16:19:59','{\"createUserId\":\"\",\"id\":1,\"isEnabled\":1,\"name\":\"ROLE_ADMIN\",\"remark\":\"管理员\",\"roleCode\":\"ROLE_ADMIN\",\"roleName\":\"超级管理员\",\"roleType\":\"ADMIN\",\"updateUserId\":\"\",\"_index\":0,\"_rowKey\":1}','2018-11-30 16:19:59',NULL),(29,3,'1','2018-11-30 17:00:46','{\"createUserId\":\"\",\"menuUrl\":\"111\",\"menuIcon\":\"\",\"menuName\":\"测试\",\"id\":\"\",\"sort\":\"\",\"menuRoute\":\"111\",\"parentId\":\"3\",\"_index\":\"\",\"_rowKey\":\"\"}','2018-11-30 17:00:46',NULL),(30,3,'3','2018-11-30 17:00:58','删除了名为:测试的菜单','2018-11-30 17:00:58',NULL),(31,3,'2','2018-11-30 18:17:39','{\"organName\":\"府山街道无线电\",\"areaCode\":\"\",\"areaName\":\"李沧区\",\"organCode\":\"0352\",\"id\":3,\"parentId\":2,\"_index\":0,\"_rowKey\":5}','2018-11-30 18:17:39',NULL),(32,NULL,'adminLog','2018-12-04 13:22:26',' 对 数据库：leas 数据库备份操作失败',NULL,''),(33,NULL,'adminLog','2018-12-04 13:32:45',' 对 数据库：leas 数据库备份操作失败',NULL,''),(34,NULL,'adminLog','2018-12-04 13:34:17',' 对 数据库：leas 数据库备份操作失败',NULL,''),(35,NULL,'adminLog','2018-12-04 13:37:01',' 对 数据库：leas 数据库备份操作失败',NULL,''),(37,NULL,'adminLog','2018-12-04 14:17:46',' 对 数据库：leas 进行了数据库备份操作',NULL,'D:\\emv\\file\\sql\\2018-12-04-14-17-42.sql'),(38,NULL,'adminLog','2018-12-04 16:46:45',' 对 数据库：emv 进行了数据库备份操作',NULL,'D:\\emv\\file\\sql\\2018-12-04-16-46-33emv.sql'),(39,NULL,'adminLog','2018-12-04 16:48:24',' 对 数据库：emv 进行了数据库备份操作',NULL,'D:\\emv\\file\\sql\\2018-12-04-16-48-23emv.sql'),(40,3,'1','2018-12-04 17:24:23','{\"id\":\"\",\"dictCode\":\"adminLog\",\"dictName\":\"运维日志\",\"dictValue\":\"adminLog\",\"sort\":\"11\",\"parentId\":\"7\"}','2018-12-04 17:24:23',NULL),(41,NULL,'adminLog','2018-12-06 10:19:25',' 对 数据库：orcl 进行了数据库备份操作',NULL,'D:\\emv\\file\\sql\\2018-12-06-10-17-34orcl.dmp'),(42,NULL,'adminLog','2018-12-06 10:19:25',' 对 数据库：emv 进行了数据库备份操作',NULL,'D:\\emv\\file\\sql\\2018-12-06-10-19-22emv.sql'),(43,NULL,'adminLog','2018-12-06 14:40:13',' 对 数据库：emv 数据库备份操作失败',NULL,''),(44,NULL,'adminLog','2018-12-06 14:47:03',' 对 数据库：emv 数据库备份操作失败',NULL,''),(45,NULL,'adminLog','2018-12-06 15:02:26',' 对 数据库：emv 数据库备份操作失败',NULL,''),(46,NULL,'adminLog','2018-12-06 15:04:06',' 对 数据库：emv 数据库备份操作失败',NULL,''),(47,NULL,'adminLog','2018-12-06 15:06:02',' 对 数据库：emv 进行了数据库备份操作',NULL,'D:\\ltauth\\file\\sql\\2018-12-06-15-05-27emv.sql'),(48,NULL,'adminLog','2018-12-06 15:19:45',' 对 数据库：emv 数据库备份操作失败',NULL,''),(49,NULL,'adminLog','2018-12-06 15:22:04',' 对 数据库：emv 数据库备份操作失败',NULL,''),(50,NULL,'adminLog','2018-12-06 15:23:02',' 对 数据库：emv 进行了数据库备份操作',NULL,'D:\\ltauth\\file\\sql\\2018-12-06-15-23-02emv.sql'),(51,NULL,'adminLog','2018-12-06 15:26:40',' 对 数据库：orcl 进行了数据库备份操作',NULL,'D:\\ltauth\\file\\sql\\2018-12-06-15-24-53orcl.dmp'),(52,NULL,'adminLog','2018-12-10 13:41:27',' 对 数据库：emv 进行了数据库备份操作',NULL,'D:\\ltauth\\file\\sql\\2018-12-10-13-41-26emv.sql'),(53,3,'1','2018-12-20 16:56:51','新增任务:{\"antenna\":0,\"averageCount\":0,\"createTime\":1545296210790,\"createUser\":{\"avatar\":\"\",\"createTime\":1543554553000,\"createUserId\":2,\"displayName\":\"管理员\",\"email\":\"sss@163.com\",\"id\":3,\"isEnabled\":1,\"lastPassword\":\"\",\"organId\":1,\"organName\":\"青岛市无线电管理\",\"password\":\"7e5481d3495a294be63266e66b4d2c53\",\"phone\":\"11111111111\",\"remark\":\"\",\"updateTime\":1543554553000,\"username\":\"admin\"},\"createUserId\":3,\"dataNum\":0,\"dataQuality\":0,\"expectedPoints\":500,\"id\":\"0167cad4eb630180f1a167cad4ea0001\",\"isModel\":0,\"isRealTime\":true,\"monitorInterval\":1000,\"overTime\":1545296512459,\"startTime\":1545296212459,\"taskBandwidth\":100000.0,\"taskEndrate\":6.0E9,\"taskStartrate\":8.8E7,\"taskStation\":2,\"taskStatus\":1,\"tenuation\":0,\"write\":false}','2018-12-20 16:56:51',NULL),(54,3,'2','2018-12-20 16:56:51','更新任务状态，任务id:0167cad4eb630180f1a167cad4ea0001，状态:4','2018-12-20 16:56:51',NULL),(55,NULL,'2','2018-12-20 16:56:52','更新任务状态，任务id:0167cad4eb630180f1a167cad4ea0001，状态:2','2018-12-20 16:56:52',NULL),(56,NULL,'2','2018-12-20 16:56:53','更新任务状态，任务id:0167cad4eb630180f1a167cad4ea0001，状态:3','2018-12-20 16:56:53',NULL),(57,3,'1','2018-12-20 16:59:19','新增任务:{\"antenna\":0,\"averageCount\":0,\"createTime\":1545296358649,\"createUser\":{\"avatar\":\"\",\"createTime\":1543554553000,\"createUserId\":2,\"displayName\":\"管理员\",\"email\":\"sss@163.com\",\"id\":3,\"isEnabled\":1,\"lastPassword\":\"\",\"organId\":1,\"organName\":\"青岛市无线电管理\",\"password\":\"7e5481d3495a294be63266e66b4d2c53\",\"phone\":\"11111111111\",\"remark\":\"\",\"updateTime\":1543554553000,\"username\":\"admin\"},\"createUserId\":3,\"dataNum\":0,\"dataQuality\":0,\"expectedPoints\":500,\"id\":\"0167cad72cf10180f1a167cad4ea0002\",\"isModel\":0,\"isRealTime\":true,\"monitorInterval\":1000,\"overTime\":1545296660633,\"startTime\":1545296360633,\"taskBandwidth\":100000.0,\"taskEndrate\":6.0E9,\"taskStartrate\":8.8E7,\"taskStation\":2,\"taskStatus\":1,\"tenuation\":0,\"write\":false}','2018-12-20 16:59:19',NULL),(58,3,'2','2018-12-20 16:59:19','更新任务状态，任务id:0167cad72cf10180f1a167cad4ea0002，状态:4','2018-12-20 16:59:19',NULL),(59,NULL,'2','2018-12-20 16:59:21','更新任务状态，任务id:0167cad72cf10180f1a167cad4ea0002，状态:2','2018-12-20 16:59:21',NULL),(60,NULL,'2','2018-12-20 16:59:35','更新任务状态，任务id:0167cad72cf10180f1a167cad4ea0002，状态:3','2018-12-20 16:59:35',NULL),(61,3,'1','2018-12-20 17:02:37','新增任务:{\"antenna\":0,\"averageCount\":0,\"createTime\":1545296556816,\"createUser\":{\"avatar\":\"\",\"createTime\":1543554553000,\"createUserId\":2,\"displayName\":\"管理员\",\"email\":\"sss@163.com\",\"id\":3,\"isEnabled\":1,\"lastPassword\":\"\",\"organId\":1,\"organName\":\"青岛市无线电管理\",\"password\":\"7e5481d3495a294be63266e66b4d2c53\",\"phone\":\"11111111111\",\"remark\":\"\",\"updateTime\":1543554553000,\"username\":\"admin\"},\"createUserId\":3,\"dataNum\":0,\"dataQuality\":0,\"expectedPoints\":500,\"id\":\"0167cada330e0180bcab67cada310001\",\"isModel\":0,\"isRealTime\":true,\"monitorInterval\":1000,\"overTime\":1545296858499,\"startTime\":1545296558499,\"taskBandwidth\":100000.0,\"taskEndrate\":6.0E9,\"taskStartrate\":8.8E7,\"taskStation\":2,\"taskStatus\":1,\"taskType\":\"SPECTRUM\",\"tenuation\":0,\"write\":false}','2018-12-20 17:02:37',NULL),(62,3,'2','2018-12-20 17:02:37','更新任务状态，任务id:0167cada330e0180bcab67cada310001，状态:4','2018-12-20 17:02:37',NULL),(63,NULL,'2','2018-12-20 17:02:39','更新任务状态，任务id:0167cada330e0180bcab67cada310001，状态:2','2018-12-20 17:02:39',NULL),(64,NULL,'2','2018-12-20 17:07:39','更新任务状态，任务id:0167cada330e0180bcab67cada310001，状态:3','2018-12-20 17:07:39',NULL),(65,3,'1','2018-12-20 17:18:17','新增任务:{\"antenna\":0,\"averageCount\":0,\"createTime\":1545297497474,\"createUser\":{\"avatar\":\"\",\"createTime\":1543554553000,\"createUserId\":2,\"displayName\":\"管理员\",\"email\":\"sss@163.com\",\"id\":3,\"isEnabled\":1,\"lastPassword\":\"\",\"organId\":1,\"organName\":\"青岛市无线电管理\",\"password\":\"7e5481d3495a294be63266e66b4d2c53\",\"phone\":\"11111111111\",\"remark\":\"\",\"updateTime\":1543554553000,\"username\":\"admin\"},\"createUserId\":3,\"dataNum\":0,\"dataQuality\":0,\"expectedPoints\":500,\"id\":\"0167cae88d7e0180e09067cae88c0001\",\"isModel\":0,\"isRealTime\":true,\"monitorInterval\":1000,\"overTime\":1545297799124,\"startTime\":1545297499124,\"taskBandwidth\":100000.0,\"taskEndrate\":6.0E9,\"taskStartrate\":8.8E7,\"taskStation\":1,\"taskStatus\":1,\"taskType\":\"SPECTRUM\",\"tenuation\":0,\"write\":false}','2018-12-20 17:18:17',NULL),(66,3,'2','2018-12-20 17:18:18','更新任务状态，任务id:0167cae88d7e0180e09067cae88c0001，状态:4','2018-12-20 17:18:18',NULL),(67,NULL,'2','2018-12-20 17:18:19','更新任务状态，任务id:0167cae88d7e0180e09067cae88c0001，状态:2','2018-12-20 17:18:19',NULL),(68,NULL,'2','2018-12-20 17:23:19','更新任务状态，任务id:0167cae88d7e0180e09067cae88c0001，状态:3','2018-12-20 17:23:19',NULL),(69,3,'1','2018-12-21 09:21:30','新增任务:{\"antenna\":0,\"averageCount\":0,\"createTime\":1545355290400,\"createUser\":{\"avatar\":\"\",\"createTime\":1543554553000,\"createUserId\":2,\"displayName\":\"管理员\",\"email\":\"sss@163.com\",\"id\":3,\"isEnabled\":1,\"lastPassword\":\"\",\"organId\":1,\"organName\":\"青岛市无线电管理\",\"password\":\"7e5481d3495a294be63266e66b4d2c53\",\"phone\":\"11111111111\",\"remark\":\"\",\"updateTime\":1543554553000,\"username\":\"admin\"},\"createUserId\":3,\"dataNum\":0,\"dataQuality\":0,\"expectedPoints\":500,\"id\":\"0167ce5a6718017f557267ce5a630001\",\"isModel\":0,\"isRealTime\":true,\"monitorInterval\":1000,\"overTime\":1545355591555,\"startTime\":1545355291555,\"taskBandwidth\":100000.0,\"taskEndrate\":6.0E9,\"taskName\":\"node1_频谱扫描_12_21\",\"taskStartrate\":8.8E7,\"taskStation\":1,\"taskStatus\":1,\"taskType\":\"SPECTRUM\",\"tenuation\":0,\"write\":false}','2018-12-21 09:21:30',NULL),(70,3,'2','2018-12-21 09:21:31','更新任务状态，任务id:0167ce5a6718017f557267ce5a630001，状态:4','2018-12-21 09:21:31',NULL),(71,NULL,'2','2018-12-21 09:21:32','更新任务状态，任务id:0167ce5a6718017f557267ce5a630001，状态:2','2018-12-21 09:21:32',NULL),(72,NULL,'2','2018-12-21 09:26:32','更新任务状态，任务id:0167ce5a6718017f557267ce5a630001，状态:3','2018-12-21 09:26:32',NULL),(73,3,'1','2018-12-21 10:35:02','新增任务:{\"antenna\":0,\"averageCount\":0,\"createTime\":1545359702126,\"createUser\":{\"avatar\":\"\",\"createTime\":1543554553000,\"createUserId\":2,\"displayName\":\"管理员\",\"email\":\"sss@163.com\",\"id\":3,\"isEnabled\":1,\"lastPassword\":\"\",\"organId\":1,\"organName\":\"青岛市无线电管理\",\"password\":\"7e5481d3495a294be63266e66b4d2c53\",\"phone\":\"11111111111\",\"remark\":\"\",\"updateTime\":1543554553000,\"username\":\"admin\"},\"createUserId\":3,\"dataNum\":0,\"dataQuality\":0,\"expectedPoints\":500,\"id\":\"0167ce9db86a017f5c4067ce9db60001\",\"isModel\":0,\"monitorInterval\":1000,\"overTime\":1545361237576,\"startTime\":1545360937576,\"taskBandwidth\":100000.0,\"taskEndrate\":6.0E9,\"taskName\":\"node2_频谱扫描_12_21\",\"taskStartrate\":8.8E7,\"taskStation\":2,\"taskStatus\":1,\"taskType\":\"SPECTRUM\",\"tenuation\":0,\"write\":false}','2018-12-21 10:35:02',NULL),(74,3,'1','2018-12-21 10:53:14','新增任务:{\"antenna\":0,\"averageCount\":0,\"createTime\":1545360784673,\"createUser\":{\"avatar\":\"\",\"createTime\":1543554553000,\"createUserId\":2,\"displayName\":\"管理员\",\"email\":\"sss@163.com\",\"id\":3,\"isEnabled\":1,\"lastPassword\":\"\",\"organId\":1,\"organName\":\"青岛市无线电管理\",\"password\":\"7e5481d3495a294be63266e66b4d2c53\",\"phone\":\"11111111111\",\"remark\":\"\",\"updateTime\":1543554553000,\"username\":\"admin\"},\"createUserId\":3,\"dataNum\":0,\"dataQuality\":0,\"expectedPoints\":500,\"id\":\"0167ceae3d1e017f8b8d67ceae3b0001\",\"isModel\":0,\"monitorInterval\":1000,\"overTime\":1545364658925,\"startTime\":1545364358925,\"taskBandwidth\":100000.0,\"taskEndrate\":6.0E9,\"taskName\":\"node2_频谱扫描_12_21\",\"taskStartrate\":8.8E7,\"taskStation\":2,\"taskStatus\":1,\"taskType\":\"SPECTRUM\",\"tenuation\":0,\"write\":false}','2018-12-21 10:53:14',NULL),(75,3,'1','2018-12-21 11:13:30','新增任务:{\"antenna\":0,\"averageCount\":0,\"createTime\":1545361994955,\"createUser\":{\"avatar\":\"\",\"createTime\":1543554553000,\"createUserId\":2,\"displayName\":\"管理员\",\"email\":\"sss@163.com\",\"id\":3,\"isEnabled\":1,\"lastPassword\":\"\",\"organId\":1,\"organName\":\"青岛市无线电管理\",\"password\":\"7e5481d3495a294be63266e66b4d2c53\",\"phone\":\"11111111111\",\"remark\":\"\",\"updateTime\":1543554553000,\"username\":\"admin\"},\"createUserId\":3,\"dataNum\":0,\"dataQuality\":0,\"expectedPoints\":500,\"id\":\"0167cec096d0017f8b8d67ceae3b0002\",\"isModel\":0,\"monitorInterval\":1000,\"overTime\":1545365375461,\"startTime\":1545365195461,\"taskBandwidth\":100000.0,\"taskEndrate\":6.0E9,\"taskName\":\"node2_频谱扫描_12_21\",\"taskStartrate\":8.8E7,\"taskStation\":2,\"taskStatus\":1,\"taskType\":\"SPECTRUM\",\"tenuation\":0,\"write\":false}','2018-12-21 11:13:30',NULL),(76,3,'1','2018-12-21 11:14:51','新增任务:{\"antenna\":0,\"averageCount\":0,\"createTime\":1545362091449,\"createUser\":{\"avatar\":\"\",\"createTime\":1543554553000,\"createUserId\":2,\"displayName\":\"管理员\",\"email\":\"sss@163.com\",\"id\":3,\"isEnabled\":1,\"lastPassword\":\"\",\"organId\":1,\"organName\":\"青岛市无线电管理\",\"password\":\"7e5481d3495a294be63266e66b4d2c53\",\"phone\":\"11111111111\",\"remark\":\"\",\"updateTime\":1543554553000,\"username\":\"admin\"},\"createUserId\":3,\"dataNum\":0,\"dataQuality\":0,\"expectedPoints\":500,\"id\":\"0167cec22daf017f8b8d67ceae3b0003\",\"isModel\":0,\"monitorInterval\":1000,\"overTime\":1545365375461,\"startTime\":1545365195461,\"taskBandwidth\":100000.0,\"taskEndrate\":6.0E9,\"taskName\":\"node2_频谱扫描_12_21\",\"taskStartrate\":8.8E7,\"taskStation\":2,\"taskStatus\":1,\"taskType\":\"SPECTRUM\",\"tenuation\":0,\"write\":false}','2018-12-21 11:14:51',NULL),(77,3,'1','2018-12-21 11:16:05','新增任务:{\"antenna\":0,\"averageCount\":0,\"createTime\":1545362164888,\"createUser\":{\"avatar\":\"\",\"createTime\":1543554553000,\"createUserId\":2,\"displayName\":\"管理员\",\"email\":\"sss@163.com\",\"id\":3,\"isEnabled\":1,\"lastPassword\":\"\",\"organId\":1,\"organName\":\"青岛市无线电管理\",\"password\":\"7e5481d3495a294be63266e66b4d2c53\",\"phone\":\"11111111111\",\"remark\":\"\",\"updateTime\":1543554553000,\"username\":\"admin\"},\"createUserId\":3,\"dataNum\":0,\"dataQuality\":0,\"expectedPoints\":500,\"id\":\"0167cec34c89017f8b8d67ceae3b0004\",\"isModel\":0,\"monitorInterval\":1000,\"overTime\":1545365375461,\"startTime\":1545365195461,\"taskBandwidth\":100000.0,\"taskEndrate\":6.0E9,\"taskName\":\"node2_频谱扫描_12_21\",\"taskStartrate\":8.8E7,\"taskStation\":2,\"taskStatus\":1,\"taskType\":\"SPECTRUM\",\"tenuation\":0,\"write\":false}','2018-12-21 11:16:05',NULL),(78,3,'1','2018-12-21 11:20:05','新增任务:{\"antenna\":0,\"averageCount\":0,\"createTime\":1545362404754,\"createUser\":{\"avatar\":\"\",\"createTime\":1543554553000,\"createUserId\":2,\"displayName\":\"管理员\",\"email\":\"sss@163.com\",\"id\":3,\"isEnabled\":1,\"lastPassword\":\"\",\"organId\":1,\"organName\":\"青岛市无线电管理\",\"password\":\"7e5481d3495a294be63266e66b4d2c53\",\"phone\":\"11111111111\",\"remark\":\"\",\"updateTime\":1543554553000,\"username\":\"admin\"},\"createUserId\":3,\"dataNum\":0,\"dataQuality\":0,\"expectedPoints\":500,\"id\":\"0167cec6f589017fc14d67cec6f20001\",\"isModel\":0,\"isRealTime\":false,\"monitorInterval\":1000,\"overTime\":1545366263070,\"startTime\":1545365963070,\"taskBandwidth\":100000.0,\"taskEndrate\":6.0E9,\"taskName\":\"node2_频谱扫描_12_21\",\"taskStartrate\":8.8E7,\"taskStation\":2,\"taskStatus\":1,\"taskType\":\"SPECTRUM\",\"tenuation\":0,\"write\":false}','2018-12-21 11:20:05',NULL),(79,3,'1','2018-12-21 13:19:34','新增任务:{\"antenna\":0,\"averageCount\":0,\"createTime\":1545369573561,\"createUser\":{\"avatar\":\"\",\"createTime\":1543554553000,\"createUserId\":2,\"displayName\":\"管理员\",\"email\":\"sss@163.com\",\"id\":3,\"isEnabled\":1,\"lastPassword\":\"\",\"organId\":1,\"organName\":\"青岛市无线电管理\",\"password\":\"7e5481d3495a294be63266e66b4d2c53\",\"phone\":\"11111111111\",\"remark\":\"\",\"updateTime\":1543554553000,\"username\":\"admin\"},\"createUserId\":3,\"dataNum\":0,\"dataQuality\":0,\"expectedPoints\":500,\"id\":\"0167cf3458b6017ff57d67cf34570001\",\"isModel\":0,\"isRealTime\":true,\"monitorInterval\":1000,\"overTime\":1545369867941,\"startTime\":1545369567941,\"taskBandwidth\":100000.0,\"taskEndrate\":6.0E9,\"taskName\":\"_频谱扫描_12_21\",\"taskStartrate\":8.8E7,\"taskStation\":1,\"taskStatus\":1,\"taskType\":\"SPECTRUM\",\"tenuation\":0,\"write\":false}','2018-12-21 13:19:34',NULL),(80,3,'1','2018-12-21 13:20:10','新增任务:{\"antenna\":0,\"averageCount\":0,\"createTime\":1545369610306,\"createUser\":{\"avatar\":\"\",\"createTime\":1543554553000,\"createUserId\":2,\"displayName\":\"管理员\",\"email\":\"sss@163.com\",\"id\":3,\"isEnabled\":1,\"lastPassword\":\"\",\"organId\":1,\"organName\":\"青岛市无线电管理\",\"password\":\"7e5481d3495a294be63266e66b4d2c53\",\"phone\":\"11111111111\",\"remark\":\"\",\"updateTime\":1543554553000,\"username\":\"admin\"},\"createUserId\":3,\"dataNum\":0,\"dataQuality\":0,\"expectedPoints\":500,\"id\":\"0167cf34e832017ff57d67cf34570002\",\"isModel\":0,\"isRealTime\":true,\"monitorInterval\":1000,\"overTime\":1545369910461,\"startTime\":1545369610461,\"taskBandwidth\":100000.0,\"taskEndrate\":6.0E9,\"taskName\":\"_频谱扫描_12_21\",\"taskStartrate\":8.8E7,\"taskStation\":1,\"taskStatus\":1,\"taskType\":\"SPECTRUM\",\"tenuation\":0,\"write\":false}','2018-12-21 13:20:10',NULL),(81,3,'2','2018-12-21 13:20:10','更新任务状态，任务id:0167cf34e832017ff57d67cf34570002，状态:4','2018-12-21 13:20:10',NULL),(82,NULL,'2','2018-12-21 13:20:10','更新任务状态，任务id:0167cf34e832017ff57d67cf34570002，状态:2','2018-12-21 13:20:10',NULL),(83,3,'1','2018-12-21 13:29:24','新增任务:{\"antenna\":0,\"averageCount\":0,\"createTime\":1545370163644,\"createUser\":{\"avatar\":\"\",\"createTime\":1543554553000,\"createUserId\":2,\"displayName\":\"管理员\",\"email\":\"sss@163.com\",\"id\":3,\"isEnabled\":1,\"lastPassword\":\"\",\"organId\":1,\"organName\":\"青岛市无线电管理\",\"password\":\"7e5481d3495a294be63266e66b4d2c53\",\"phone\":\"11111111111\",\"remark\":\"\",\"updateTime\":1543554553000,\"username\":\"admin\"},\"createUserId\":3,\"dataNum\":0,\"dataQuality\":0,\"expectedPoints\":500,\"id\":\"0167cf3d59b8017f0bae67cf3d580001\",\"isModel\":0,\"isRealTime\":true,\"monitorInterval\":1000,\"overTime\":1545370458699,\"startTime\":1545370158699,\"taskBandwidth\":100000.0,\"taskEndrate\":6.0E9,\"taskName\":\"node2_频谱扫描_12_21\",\"taskStartrate\":8.8E7,\"taskStation\":2,\"taskStatus\":1,\"taskType\":\"SPECTRUM\",\"tenuation\":0,\"write\":false}','2018-12-21 13:29:24',NULL),(84,3,'1','2018-12-21 13:30:24','新增任务:{\"antenna\":0,\"averageCount\":0,\"createTime\":1545370224045,\"createUser\":{\"avatar\":\"\",\"createTime\":1543554553000,\"createUserId\":2,\"displayName\":\"管理员\",\"email\":\"sss@163.com\",\"id\":3,\"isEnabled\":1,\"lastPassword\":\"\",\"organId\":1,\"organName\":\"青岛市无线电管理\",\"password\":\"7e5481d3495a294be63266e66b4d2c53\",\"phone\":\"11111111111\",\"remark\":\"\",\"updateTime\":1543554553000,\"username\":\"admin\"},\"createUserId\":3,\"dataNum\":0,\"dataQuality\":0,\"expectedPoints\":500,\"id\":\"0167cf3e4595017f0bae67cf3d580002\",\"isModel\":0,\"isRealTime\":true,\"monitorInterval\":1000,\"overTime\":1545370526019,\"startTime\":1545370226019,\"taskBandwidth\":100000.0,\"taskEndrate\":6.0E9,\"taskName\":\"node2_频谱扫描_12_21\",\"taskStartrate\":8.8E7,\"taskStation\":2,\"taskStatus\":1,\"taskType\":\"SPECTRUM\",\"tenuation\":0,\"write\":false}','2018-12-21 13:30:24',NULL),(85,3,'2','2018-12-21 13:30:24','更新任务状态，任务id:0167cf3e4595017f0bae67cf3d580002，状态:4','2018-12-21 13:30:24',NULL),(86,NULL,'2','2018-12-21 13:30:26','更新任务状态，任务id:0167cf3e4595017f0bae67cf3d580002，状态:2','2018-12-21 13:30:26',NULL),(87,NULL,'2','2018-12-21 13:35:27','更新任务状态，任务id:0167cf3e4595017f0bae67cf3d580002，状态:3','2018-12-21 13:35:27',NULL),(88,3,'1','2018-12-21 13:43:48','新增任务:{\"antenna\":0,\"averageCount\":0,\"createTime\":1545371028424,\"createUser\":{\"avatar\":\"\",\"createTime\":1543554553000,\"createUserId\":2,\"displayName\":\"管理员\",\"email\":\"sss@163.com\",\"id\":3,\"isEnabled\":1,\"lastPassword\":\"\",\"organId\":1,\"organName\":\"青岛市无线电管理\",\"password\":\"7e5481d3495a294be63266e66b4d2c53\",\"phone\":\"11111111111\",\"remark\":\"\",\"updateTime\":1543554553000,\"username\":\"admin\"},\"createUserId\":3,\"dataNum\":0,\"dataQuality\":0,\"expectedPoints\":500,\"id\":\"0167cf4a8bc5017f616467cf4a8a0001\",\"isModel\":0,\"isRealTime\":true,\"monitorInterval\":1000,\"overTime\":1545371150076,\"startTime\":1545371030076,\"taskBandwidth\":100000.0,\"taskEndrate\":6.0E9,\"taskName\":\"_频谱扫描_12_21\",\"taskStartrate\":8.8E7,\"taskStation\":2,\"taskStatus\":1,\"taskType\":\"SPECTRUM\",\"tenuation\":0,\"write\":false}','2018-12-21 13:43:48',NULL),(89,3,'2','2018-12-21 13:43:49','更新任务状态，任务id:0167cf4a8bc5017f616467cf4a8a0001，状态:4','2018-12-21 13:43:49',NULL),(90,NULL,'2','2018-12-21 13:43:50','更新任务状态，任务id:0167cf4a8bc5017f616467cf4a8a0001，状态:2','2018-12-21 13:43:50',NULL),(91,NULL,'2','2018-12-21 13:45:50','更新任务状态，任务id:0167cf4a8bc5017f616467cf4a8a0001，状态:3','2018-12-21 13:45:50',NULL),(92,3,'1','2018-12-21 13:49:18','新增任务:{\"antenna\":0,\"averageCount\":0,\"createTime\":1545371357929,\"createUser\":{\"avatar\":\"\",\"createTime\":1543554553000,\"createUserId\":2,\"displayName\":\"管理员\",\"email\":\"sss@163.com\",\"id\":3,\"isEnabled\":1,\"lastPassword\":\"\",\"organId\":1,\"organName\":\"青岛市无线电管理\",\"password\":\"7e5481d3495a294be63266e66b4d2c53\",\"phone\":\"11111111111\",\"remark\":\"\",\"updateTime\":1543554553000,\"username\":\"admin\"},\"createUserId\":3,\"dataNum\":0,\"dataQuality\":0,\"expectedPoints\":500,\"id\":\"0167cf4f92e4017f616467cf4a8a0002\",\"isModel\":0,\"isRealTime\":true,\"monitorInterval\":1000,\"overTime\":1545371479923,\"startTime\":1545371359923,\"taskBandwidth\":100000.0,\"taskEndrate\":6.0E9,\"taskName\":\"_频谱扫描_12_21_twst\",\"taskStartrate\":8.8E7,\"taskStation\":2,\"taskStatus\":1,\"taskType\":\"SPECTRUM\",\"tenuation\":0,\"write\":false}','2018-12-21 13:49:18',NULL),(93,3,'2','2018-12-21 13:49:18','更新任务状态，任务id:0167cf4f92e4017f616467cf4a8a0002，状态:4','2018-12-21 13:49:18',NULL),(94,NULL,'2','2018-12-21 13:49:20','更新任务状态，任务id:0167cf4f92e4017f616467cf4a8a0002，状态:2','2018-12-21 13:49:20',NULL),(95,NULL,'2','2018-12-21 13:51:20','更新任务状态，任务id:0167cf4f92e4017f616467cf4a8a0002，状态:3','2018-12-21 13:51:20',NULL),(96,3,'1','2018-12-21 14:44:30','新增任务:{\"antenna\":0,\"averageCount\":0,\"createTime\":1545374670098,\"createUser\":{\"avatar\":\"\",\"createTime\":1543554553000,\"createUserId\":2,\"displayName\":\"管理员\",\"email\":\"sss@163.com\",\"id\":3,\"isEnabled\":1,\"lastPassword\":\"\",\"organId\":1,\"organName\":\"青岛市无线电管理\",\"password\":\"7e5481d3495a294be63266e66b4d2c53\",\"phone\":\"11111111111\",\"remark\":\"\",\"updateTime\":1543554553000,\"username\":\"admin\"},\"createUserId\":3,\"dataNum\":0,\"dataQuality\":0,\"expectedPoints\":500,\"id\":\"0167cf821d0f017f77ec67cf821b0001\",\"isModel\":0,\"isRealTime\":true,\"monitorInterval\":1000,\"overTime\":1545374791737,\"startTime\":1545374671737,\"taskBandwidth\":100000.0,\"taskEndrate\":6.0E9,\"taskName\":\"_频谱扫描_12_21\",\"taskStartrate\":8.8E7,\"taskStation\":2,\"taskStatus\":1,\"taskType\":\"SPECTRUM\",\"tenuation\":0,\"write\":false}','2018-12-21 14:44:30',NULL),(97,3,'2','2018-12-21 14:44:30','更新任务状态，任务id:0167cf821d0f017f77ec67cf821b0001，状态:4','2018-12-21 14:44:30',NULL),(98,NULL,'2','2018-12-21 14:44:32','更新任务状态，任务id:0167cf821d0f017f77ec67cf821b0001，状态:2','2018-12-21 14:44:32',NULL),(99,NULL,'2','2018-12-21 14:46:32','更新任务状态，任务id:0167cf821d0f017f77ec67cf821b0001，状态:3','2018-12-21 14:46:32',NULL),(100,3,'1','2018-12-21 15:08:51','新增任务:{\"antenna\":0,\"averageCount\":0,\"createTime\":1545376130943,\"createUser\":{\"avatar\":\"\",\"createTime\":1543554553000,\"createUserId\":2,\"displayName\":\"管理员\",\"email\":\"sss@163.com\",\"id\":3,\"isEnabled\":1,\"lastPassword\":\"\",\"organId\":1,\"organName\":\"青岛市无线电管理\",\"password\":\"7e5481d3495a294be63266e66b4d2c53\",\"phone\":\"11111111111\",\"remark\":\"\",\"updateTime\":1543554553000,\"username\":\"admin\"},\"createUserId\":3,\"dataNum\":0,\"dataQuality\":0,\"expectedPoints\":500,\"id\":\"0167cf98677c017f77ec67cf821b0002\",\"isModel\":0,\"isRealTime\":true,\"monitorInterval\":1000,\"overTime\":1545376192940,\"startTime\":1545376132940,\"taskBandwidth\":100000.0,\"taskEndrate\":6.0E9,\"taskName\":\"_频谱扫描_12_21_test\",\"taskStartrate\":8.8E7,\"taskStation\":2,\"taskStatus\":1,\"taskType\":\"SPECTRUM\",\"tenuation\":0,\"write\":false}','2018-12-21 15:08:51',NULL),(101,3,'2','2018-12-21 15:08:51','更新任务状态，任务id:0167cf98677c017f77ec67cf821b0002，状态:4','2018-12-21 15:08:51',NULL),(102,NULL,'2','2018-12-21 15:08:53','更新任务状态，任务id:0167cf98677c017f77ec67cf821b0002，状态:2','2018-12-21 15:08:53',NULL),(103,NULL,'2','2018-12-21 15:09:53','更新任务状态，任务id:0167cf98677c017f77ec67cf821b0002，状态:3','2018-12-21 15:09:53',NULL),(104,3,'1','2018-12-21 15:51:23','新增任务:{\"antenna\":0,\"averageCount\":0,\"createTime\":1545378683322,\"createUser\":{\"avatar\":\"\",\"createTime\":1543554553000,\"createUserId\":2,\"displayName\":\"管理员\",\"email\":\"sss@163.com\",\"id\":3,\"isEnabled\":1,\"lastPassword\":\"\",\"organId\":1,\"organName\":\"青岛市无线电管理\",\"password\":\"7e5481d3495a294be63266e66b4d2c53\",\"phone\":\"11111111111\",\"remark\":\"\",\"updateTime\":1543554553000,\"username\":\"admin\"},\"createUserId\":3,\"dataNum\":0,\"dataQuality\":0,\"expectedPoints\":500,\"id\":\"0167cfbf59b7017f77ec67cf821b0003\",\"isModel\":0,\"isRealTime\":true,\"monitorInterval\":1000,\"overTime\":1545378745318,\"startTime\":1545378685318,\"taskBandwidth\":100000.0,\"taskEndrate\":6.0E9,\"taskName\":\"_频谱扫描_12_21_111\",\"taskStartrate\":8.8E7,\"taskStation\":2,\"taskStatus\":1,\"taskType\":\"SPECTRUM\",\"tenuation\":0,\"write\":false}','2018-12-21 15:51:23',NULL),(105,3,'2','2018-12-21 15:51:23','更新任务状态，任务id:0167cfbf59b7017f77ec67cf821b0003，状态:4','2018-12-21 15:51:23',NULL),(106,NULL,'2','2018-12-21 15:51:25','更新任务状态，任务id:0167cfbf59b7017f77ec67cf821b0003，状态:2','2018-12-21 15:51:25',NULL),(107,NULL,'2','2018-12-21 15:52:25','更新任务状态，任务id:0167cfbf59b7017f77ec67cf821b0003，状态:3','2018-12-21 15:52:25',NULL),(108,3,'1','2018-12-21 16:16:40','新增任务:{\"antenna\":0,\"averageCount\":0,\"createTime\":1545380200446,\"createUser\":{\"avatar\":\"\",\"createTime\":1543554553000,\"createUserId\":2,\"displayName\":\"管理员\",\"email\":\"sss@163.com\",\"id\":3,\"isEnabled\":1,\"lastPassword\":\"\",\"organId\":1,\"organName\":\"青岛市无线电管理\",\"password\":\"7e5481d3495a294be63266e66b4d2c53\",\"phone\":\"11111111111\",\"remark\":\"\",\"updateTime\":1543554553000,\"username\":\"admin\"},\"createUserId\":3,\"dataNum\":0,\"dataQuality\":0,\"expectedPoints\":500,\"id\":\"0167cfd67ffc017f39da67cfd67e0001\",\"isModel\":0,\"isRealTime\":true,\"monitorInterval\":1000,\"overTime\":1545380502098,\"startTime\":1545380202098,\"taskBandwidth\":100000.0,\"taskEndrate\":6.0E9,\"taskName\":\"node2_频谱扫描_12_21\",\"taskStartrate\":8.8E7,\"taskStation\":2,\"taskStatus\":1,\"taskType\":\"SPECTRUM\",\"tenuation\":0,\"write\":false}','2018-12-21 16:16:40',NULL),(109,3,'2','2018-12-21 16:16:41','更新任务状态，任务id:0167cfd67ffc017f39da67cfd67e0001，状态:4','2018-12-21 16:16:41',NULL),(110,NULL,'2','2018-12-21 16:16:42','更新任务状态，任务id:0167cfd67ffc017f39da67cfd67e0001，状态:2','2018-12-21 16:16:42',NULL),(111,NULL,'2','2018-12-21 16:21:43','更新任务状态，任务id:0167cfd67ffc017f39da67cfd67e0001，状态:3','2018-12-21 16:21:43',NULL),(112,3,'1','2018-12-21 16:24:52','新增任务:{\"antenna\":0,\"averageCount\":0,\"createTime\":1545380691958,\"createUser\":{\"avatar\":\"\",\"createTime\":1543554553000,\"createUserId\":2,\"displayName\":\"管理员\",\"email\":\"sss@163.com\",\"id\":3,\"isEnabled\":1,\"lastPassword\":\"\",\"organId\":1,\"organName\":\"青岛市无线电管理\",\"password\":\"7e5481d3495a294be63266e66b4d2c53\",\"phone\":\"11111111111\",\"remark\":\"\",\"updateTime\":1543554553000,\"username\":\"admin\"},\"createUserId\":3,\"dataNum\":0,\"dataQuality\":0,\"expectedPoints\":500,\"id\":\"0167cfddfff0017f39da67cfd67e0002\",\"isModel\":0,\"isRealTime\":true,\"monitorInterval\":1000,\"overTime\":1545380753952,\"startTime\":1545380693952,\"taskBandwidth\":100000.0,\"taskEndrate\":6.0E9,\"taskName\":\"node2_频谱扫描_12_21121\",\"taskStartrate\":8.8E7,\"taskStation\":2,\"taskStatus\":1,\"taskType\":\"SPECTRUM\",\"tenuation\":0,\"write\":false}','2018-12-21 16:24:52',NULL),(113,3,'2','2018-12-21 16:24:52','更新任务状态，任务id:0167cfddfff0017f39da67cfd67e0002，状态:4','2018-12-21 16:24:52',NULL),(114,NULL,'2','2018-12-21 16:24:54','更新任务状态，任务id:0167cfddfff0017f39da67cfd67e0002，状态:2','2018-12-21 16:24:54',NULL),(115,NULL,'2','2018-12-21 16:25:54','更新任务状态，任务id:0167cfddfff0017f39da67cfd67e0002，状态:3','2018-12-21 16:25:54',NULL),(116,3,'1','2018-12-21 16:26:43','新增任务:{\"antenna\":0,\"averageCount\":0,\"createTime\":1545380802766,\"createUser\":{\"avatar\":\"\",\"createTime\":1543554553000,\"createUserId\":2,\"displayName\":\"管理员\",\"email\":\"sss@163.com\",\"id\":3,\"isEnabled\":1,\"lastPassword\":\"\",\"organId\":1,\"organName\":\"青岛市无线电管理\",\"password\":\"7e5481d3495a294be63266e66b4d2c53\",\"phone\":\"11111111111\",\"remark\":\"\",\"updateTime\":1543554553000,\"username\":\"admin\"},\"createUserId\":3,\"dataNum\":0,\"dataQuality\":0,\"expectedPoints\":500,\"id\":\"0167cfdfb0cb017f39da67cfd67e0003\",\"isModel\":0,\"isRealTime\":true,\"monitorInterval\":1000,\"overTime\":1545380864762,\"startTime\":1545380804762,\"taskBandwidth\":100000.0,\"taskEndrate\":6.0E9,\"taskName\":\"node2_频谱扫描_12_211211\",\"taskStartrate\":8.8E7,\"taskStation\":2,\"taskStatus\":1,\"taskType\":\"SPECTRUM\",\"tenuation\":0,\"write\":false}','2018-12-21 16:26:43',NULL),(117,3,'2','2018-12-21 16:26:43','更新任务状态，任务id:0167cfdfb0cb017f39da67cfd67e0003，状态:4','2018-12-21 16:26:43',NULL),(118,NULL,'2','2018-12-21 16:26:45','更新任务状态，任务id:0167cfdfb0cb017f39da67cfd67e0003，状态:2','2018-12-21 16:26:45',NULL),(119,NULL,'2','2018-12-21 16:27:45','更新任务状态，任务id:0167cfdfb0cb017f39da67cfd67e0003，状态:3','2018-12-21 16:27:45',NULL),(120,3,'1','2018-12-21 16:29:58','新增任务:{\"antenna\":0,\"averageCount\":0,\"createTime\":1545380998393,\"createUser\":{\"avatar\":\"\",\"createTime\":1543554553000,\"createUserId\":2,\"displayName\":\"管理员\",\"email\":\"sss@163.com\",\"id\":3,\"isEnabled\":1,\"lastPassword\":\"\",\"organId\":1,\"organName\":\"青岛市无线电管理\",\"password\":\"7e5481d3495a294be63266e66b4d2c53\",\"phone\":\"11111111111\",\"remark\":\"\",\"updateTime\":1543554553000,\"username\":\"admin\"},\"createUserId\":3,\"dataNum\":0,\"dataQuality\":0,\"expectedPoints\":500,\"id\":\"0167cfe2acf6017f39da67cfd67e0004\",\"isModel\":0,\"isRealTime\":true,\"monitorInterval\":1000,\"overTime\":1545381060374,\"startTime\":1545381000374,\"taskBandwidth\":100000.0,\"taskEndrate\":6.0E9,\"taskName\":\"node2_频谱扫描_12_2112111\",\"taskStartrate\":8.8E7,\"taskStation\":2,\"taskStatus\":1,\"taskType\":\"SPECTRUM\",\"tenuation\":0,\"write\":false}','2018-12-21 16:29:58',NULL),(121,3,'2','2018-12-21 16:29:58','更新任务状态，任务id:0167cfe2acf6017f39da67cfd67e0004，状态:4','2018-12-21 16:29:58',NULL),(122,NULL,'2','2018-12-21 16:30:00','更新任务状态，任务id:0167cfe2acf6017f39da67cfd67e0004，状态:2','2018-12-21 16:30:00',NULL),(123,NULL,'2','2018-12-21 16:31:00','更新任务状态，任务id:0167cfe2acf6017f39da67cfd67e0004，状态:3','2018-12-21 16:31:00',NULL),(124,3,'1','2018-12-21 16:48:38','新增任务:{\"antenna\":0,\"averageCount\":0,\"createTime\":1545382117542,\"createUser\":{\"avatar\":\"\",\"createTime\":1543554553000,\"createUserId\":2,\"displayName\":\"管理员\",\"email\":\"sss@163.com\",\"id\":3,\"isEnabled\":1,\"lastPassword\":\"\",\"organId\":1,\"organName\":\"青岛市无线电管理\",\"password\":\"7e5481d3495a294be63266e66b4d2c53\",\"phone\":\"11111111111\",\"remark\":\"\",\"updateTime\":1543554553000,\"username\":\"admin\"},\"createUserId\":3,\"dataNum\":0,\"dataQuality\":0,\"expectedPoints\":500,\"id\":\"0167cff3c0a2017fbb5767cff3bf0001\",\"isModel\":0,\"isRealTime\":true,\"monitorInterval\":1000,\"overTime\":1545382419188,\"startTime\":1545382119188,\"taskBandwidth\":100000.0,\"taskEndrate\":6.0E9,\"taskName\":\"node2_频谱扫描_12_21d\",\"taskStartrate\":8.8E7,\"taskStation\":2,\"taskStatus\":1,\"taskType\":\"SPECTRUM\",\"tenuation\":0,\"write\":false}','2018-12-21 16:48:38',NULL),(125,3,'2','2018-12-21 16:48:38','更新任务状态，任务id:0167cff3c0a2017fbb5767cff3bf0001，状态:4','2018-12-21 16:48:38',NULL),(126,NULL,'2','2018-12-21 16:48:39','更新任务状态，任务id:0167cff3c0a2017fbb5767cff3bf0001，状态:2','2018-12-21 16:48:39',NULL),(127,NULL,'2','2018-12-21 16:53:39','更新任务状态，任务id:0167cff3c0a2017fbb5767cff3bf0001，状态:3','2018-12-21 16:53:39',NULL),(128,3,'1','2018-12-21 17:31:15','新增任务:{\"antenna\":0,\"averageCount\":0,\"createTime\":1545384675245,\"createUser\":{\"avatar\":\"\",\"createTime\":1543554553000,\"createUserId\":2,\"displayName\":\"管理员\",\"email\":\"sss@163.com\",\"id\":3,\"isEnabled\":1,\"lastPassword\":\"\",\"organId\":1,\"organName\":\"青岛市无线电管理\",\"password\":\"7e5481d3495a294be63266e66b4d2c53\",\"phone\":\"11111111111\",\"remark\":\"\",\"updateTime\":1543554553000,\"username\":\"admin\"},\"createUserId\":3,\"dataNum\":0,\"dataQuality\":0,\"expectedPoints\":500,\"id\":\"0167d01ac7a9017f7b5f67d01ac60001\",\"isModel\":0,\"isRealTime\":true,\"monitorInterval\":1000,\"overTime\":1545384736902,\"startTime\":1545384676902,\"taskBandwidth\":100000.0,\"taskEndrate\":6.0E9,\"taskName\":\"_频谱扫描_12_21fsc\",\"taskStartrate\":8.8E7,\"taskStation\":2,\"taskStatus\":1,\"taskType\":\"SPECTRUM\",\"tenuation\":0,\"write\":false}','2018-12-21 17:31:15',NULL),(129,3,'2','2018-12-21 17:31:15','更新任务状态，任务id:0167d01ac7a9017f7b5f67d01ac60001，状态:4','2018-12-21 17:31:15',NULL),(130,NULL,'2','2018-12-21 17:31:17','更新任务状态，任务id:0167d01ac7a9017f7b5f67d01ac60001，状态:2','2018-12-21 17:31:17',NULL),(131,NULL,'2','2018-12-21 17:32:17','更新任务状态，任务id:0167d01ac7a9017f7b5f67d01ac60001，状态:3','2018-12-21 17:32:17',NULL),(132,3,'1','2018-12-21 17:34:28','新增任务:{\"antenna\":0,\"averageCount\":0,\"createTime\":1545384867768,\"createUser\":{\"avatar\":\"\",\"createTime\":1543554553000,\"createUserId\":2,\"displayName\":\"管理员\",\"email\":\"sss@163.com\",\"id\":3,\"isEnabled\":1,\"lastPassword\":\"\",\"organId\":1,\"organName\":\"青岛市无线电管理\",\"password\":\"7e5481d3495a294be63266e66b4d2c53\",\"phone\":\"11111111111\",\"remark\":\"\",\"updateTime\":1543554553000,\"username\":\"admin\"},\"createUserId\":3,\"dataNum\":0,\"dataQuality\":0,\"expectedPoints\":500,\"id\":\"0167d01db7b4017f7b5f67d01ac60002\",\"isModel\":0,\"isRealTime\":true,\"monitorInterval\":1000,\"overTime\":1545384929763,\"startTime\":1545384869763,\"taskBandwidth\":100000.0,\"taskEndrate\":6.0E9,\"taskName\":\"_频谱扫描_12_21dvs\",\"taskStartrate\":8.8E7,\"taskStation\":2,\"taskStatus\":1,\"taskType\":\"SPECTRUM\",\"tenuation\":0,\"write\":false}','2018-12-21 17:34:28',NULL),(133,3,'2','2018-12-21 17:34:28','更新任务状态，任务id:0167d01db7b4017f7b5f67d01ac60002，状态:4','2018-12-21 17:34:28',NULL),(134,NULL,'2','2018-12-21 17:34:30','更新任务状态，任务id:0167d01db7b4017f7b5f67d01ac60002，状态:2','2018-12-21 17:34:30',NULL),(135,NULL,'2','2018-12-21 17:35:30','更新任务状态，任务id:0167d01db7b4017f7b5f67d01ac60002，状态:3','2018-12-21 17:35:30',NULL),(136,3,'1','2018-12-21 17:43:01','新增任务:{\"antenna\":0,\"averageCount\":0,\"createTime\":1545385381360,\"createUser\":{\"avatar\":\"\",\"createTime\":1543554553000,\"createUserId\":2,\"displayName\":\"管理员\",\"email\":\"sss@163.com\",\"id\":3,\"isEnabled\":1,\"lastPassword\":\"\",\"organId\":1,\"organName\":\"青岛市无线电管理\",\"password\":\"7e5481d3495a294be63266e66b4d2c53\",\"phone\":\"11111111111\",\"remark\":\"\",\"updateTime\":1543554553000,\"username\":\"admin\"},\"createUserId\":3,\"dataNum\":0,\"dataQuality\":0,\"expectedPoints\":500,\"id\":\"0167d0258dec017f7b5f67d01ac60003\",\"isModel\":0,\"isRealTime\":true,\"monitorInterval\":1000,\"overTime\":1545385443356,\"startTime\":1545385383356,\"taskBandwidth\":100000.0,\"taskEndrate\":6.0E9,\"taskName\":\"node1_频谱扫描_12_21sl\",\"taskStartrate\":8.8E7,\"taskStation\":1,\"taskStatus\":1,\"taskType\":\"SPECTRUM\",\"tenuation\":0,\"write\":false}','2018-12-21 17:43:01',NULL),(137,3,'2','2018-12-21 17:43:01','更新任务状态，任务id:0167d0258dec017f7b5f67d01ac60003，状态:4','2018-12-21 17:43:01',NULL),(138,NULL,'2','2018-12-21 17:43:03','更新任务状态，任务id:0167d0258dec017f7b5f67d01ac60003，状态:2','2018-12-21 17:43:03',NULL),(139,NULL,'2','2018-12-21 17:44:03','更新任务状态，任务id:0167d0258dec017f7b5f67d01ac60003，状态:3','2018-12-21 17:44:03',NULL),(140,3,'1','2018-12-21 17:46:39','新增任务:{\"antenna\":0,\"averageCount\":0,\"createTime\":1545385598801,\"createUser\":{\"avatar\":\"\",\"createTime\":1543554553000,\"createUserId\":2,\"displayName\":\"管理员\",\"email\":\"sss@163.com\",\"id\":3,\"isEnabled\":1,\"lastPassword\":\"\",\"organId\":1,\"organName\":\"青岛市无线电管理\",\"password\":\"7e5481d3495a294be63266e66b4d2c53\",\"phone\":\"11111111111\",\"remark\":\"\",\"updateTime\":1543554553000,\"username\":\"admin\"},\"createUserId\":3,\"dataNum\":0,\"dataQuality\":0,\"expectedPoints\":500,\"id\":\"0167d028df4e017f7b5f67d01ac60004\",\"isModel\":0,\"isRealTime\":true,\"monitorInterval\":1000,\"overTime\":1545385660797,\"startTime\":1545385600797,\"taskBandwidth\":100000.0,\"taskEndrate\":6.0E9,\"taskName\":\"node1_频谱扫描_12_21doj\",\"taskStartrate\":8.8E7,\"taskStation\":1,\"taskStatus\":1,\"taskType\":\"SPECTRUM\",\"tenuation\":0,\"write\":false}','2018-12-21 17:46:39',NULL),(141,3,'2','2018-12-21 17:46:39','更新任务状态，任务id:0167d028df4e017f7b5f67d01ac60004，状态:4','2018-12-21 17:46:39',NULL),(142,NULL,'2','2018-12-21 17:46:41','更新任务状态，任务id:0167d028df4e017f7b5f67d01ac60004，状态:2','2018-12-21 17:46:41',NULL),(143,NULL,'2','2018-12-21 17:47:41','更新任务状态，任务id:0167d028df4e017f7b5f67d01ac60004，状态:3','2018-12-21 17:47:41',NULL),(144,3,'1','2018-12-21 18:08:43','新增任务:{\"antenna\":0,\"averageCount\":0,\"createTime\":1545386923304,\"createUser\":{\"avatar\":\"\",\"createTime\":1543554553000,\"createUserId\":2,\"displayName\":\"管理员\",\"email\":\"sss@163.com\",\"id\":3,\"isEnabled\":1,\"lastPassword\":\"\",\"organId\":1,\"organName\":\"青岛市无线电管理\",\"password\":\"7e5481d3495a294be63266e66b4d2c53\",\"phone\":\"11111111111\",\"remark\":\"\",\"updateTime\":1543554553000,\"username\":\"admin\"},\"createUserId\":3,\"dataNum\":0,\"dataQuality\":0,\"expectedPoints\":500,\"id\":\"0167d03d1524017f01b467d03d130001\",\"isModel\":0,\"isRealTime\":true,\"monitorInterval\":1000,\"overTime\":1545386984945,\"startTime\":1545386924945,\"taskBandwidth\":100000.0,\"taskEndrate\":6.0E9,\"taskName\":\"_频谱扫描_12_21acac\",\"taskStartrate\":8.8E7,\"taskStation\":2,\"taskStatus\":1,\"taskType\":\"SPECTRUM\",\"tenuation\":0,\"write\":false}','2018-12-21 18:08:43',NULL),(145,3,'2','2018-12-21 18:08:43','更新任务状态，任务id:0167d03d1524017f01b467d03d130001，状态:4','2018-12-21 18:08:43',NULL),(146,NULL,'2','2018-12-21 18:08:45','更新任务状态，任务id:0167d03d1524017f01b467d03d130001，状态:2','2018-12-21 18:08:45',NULL),(147,NULL,'2','2018-12-21 18:09:45','更新任务状态，任务id:0167d03d1524017f01b467d03d130001，状态:3','2018-12-21 18:09:45',NULL),(148,3,'1','2018-12-21 18:14:42','新增任务:{\"antenna\":0,\"averageCount\":0,\"createTime\":1545387281996,\"createUser\":{\"avatar\":\"\",\"createTime\":1543554553000,\"createUserId\":2,\"displayName\":\"管理员\",\"email\":\"sss@163.com\",\"id\":3,\"isEnabled\":1,\"lastPassword\":\"\",\"organId\":1,\"organName\":\"青岛市无线电管理\",\"password\":\"7e5481d3495a294be63266e66b4d2c53\",\"phone\":\"11111111111\",\"remark\":\"\",\"updateTime\":1543554553000,\"username\":\"admin\"},\"createUserId\":3,\"dataNum\":0,\"dataQuality\":0,\"expectedPoints\":500,\"id\":\"0167d0428e49017f01b467d03d130002\",\"isModel\":0,\"isRealTime\":true,\"monitorInterval\":1000,\"overTime\":1545387343993,\"startTime\":1545387283993,\"taskBandwidth\":100000.0,\"taskEndrate\":6.0E9,\"taskName\":\"_频谱扫描_12_21ln\",\"taskStartrate\":8.8E7,\"taskStation\":2,\"taskStatus\":1,\"taskType\":\"SPECTRUM\",\"tenuation\":0,\"write\":false}','2018-12-21 18:14:42',NULL),(149,3,'2','2018-12-21 18:14:42','更新任务状态，任务id:0167d0428e49017f01b467d03d130002，状态:4','2018-12-21 18:14:42',NULL),(150,NULL,'2','2018-12-21 18:14:44','更新任务状态，任务id:0167d0428e49017f01b467d03d130002，状态:2','2018-12-21 18:14:44',NULL),(151,NULL,'2','2018-12-21 18:15:44','更新任务状态，任务id:0167d0428e49017f01b467d03d130002，状态:3','2018-12-21 18:15:44',NULL),(152,3,'1','2018-12-24 10:05:20','新增任务:{\"antenna\":0,\"averageCount\":0,\"createTime\":1545617119798,\"createUser\":{\"avatar\":\"\",\"createTime\":1543554553000,\"createUserId\":2,\"displayName\":\"管理员\",\"email\":\"sss@163.com\",\"id\":3,\"isEnabled\":1,\"lastPassword\":\"\",\"organId\":1,\"organName\":\"青岛市无线电管理\",\"password\":\"7e5481d3495a294be63266e66b4d2c53\",\"phone\":\"11111111111\",\"remark\":\"\",\"updateTime\":1543554553000,\"username\":\"admin\"},\"createUserId\":3,\"dataNum\":0,\"dataQuality\":0,\"expectedPoints\":500,\"id\":\"0167ddf59a34017f14cd67ddf5980001\",\"isModel\":0,\"isRealTime\":true,\"monitorInterval\":1000,\"overTime\":1545617241399,\"startTime\":1545617121399,\"taskBandwidth\":100000.0,\"taskEndrate\":6.0E9,\"taskName\":\"node2_频谱扫描_12_24\",\"taskStartrate\":8.8E7,\"taskStation\":2,\"taskStatus\":1,\"taskType\":\"SPECTRUM\",\"tenuation\":0,\"write\":false}','2018-12-24 10:05:20',NULL),(153,3,'2','2018-12-24 10:05:20','更新任务状态，任务id:0167ddf59a34017f14cd67ddf5980001，状态:4','2018-12-24 10:05:20',NULL),(154,NULL,'2','2018-12-24 10:05:31','更新任务状态，任务id:0167ddf59a34017f14cd67ddf5980001，状态:2','2018-12-24 10:05:31',NULL),(155,NULL,'2','2018-12-24 10:07:21','更新任务状态，任务id:0167ddf59a34017f14cd67ddf5980001，状态:3','2018-12-24 10:07:21',NULL),(156,3,'1','2018-12-24 10:40:23','新增任务:{\"antenna\":0,\"averageCount\":0,\"createTime\":1545619223056,\"createUser\":{\"avatar\":\"\",\"createTime\":1543554553000,\"createUserId\":2,\"displayName\":\"管理员\",\"email\":\"sss@163.com\",\"id\":3,\"isEnabled\":1,\"lastPassword\":\"\",\"organId\":1,\"organName\":\"青岛市无线电管理\",\"password\":\"7e5481d3495a294be63266e66b4d2c53\",\"phone\":\"11111111111\",\"remark\":\"\",\"updateTime\":1543554553000,\"username\":\"admin\"},\"createUserId\":3,\"dataNum\":0,\"dataQuality\":0,\"expectedPoints\":500,\"id\":\"0167de15b20d017f14cd67ddf5980002\",\"isModel\":0,\"isRealTime\":true,\"monitorInterval\":1000,\"overTime\":1545619345052,\"startTime\":1545619225052,\"taskBandwidth\":100000.0,\"taskEndrate\":6.0E9,\"taskName\":\"_频谱扫描_12_24sd\",\"taskStartrate\":8.8E7,\"taskStation\":2,\"taskStatus\":1,\"taskType\":\"SPECTRUM\",\"tenuation\":0,\"write\":false}','2018-12-24 10:40:23',NULL),(157,3,'2','2018-12-24 10:40:23','更新任务状态，任务id:0167de15b20d017f14cd67ddf5980002，状态:4','2018-12-24 10:40:23',NULL),(158,NULL,'2','2018-12-24 10:40:25','更新任务状态，任务id:0167de15b20d017f14cd67ddf5980002，状态:2','2018-12-24 10:40:25',NULL),(159,NULL,'2','2018-12-24 10:42:25','更新任务状态，任务id:0167de15b20d017f14cd67ddf5980002，状态:3','2018-12-24 10:42:25',NULL),(160,3,'1','2018-12-24 11:05:23','新增任务:{\"antenna\":0,\"averageCount\":0,\"createTime\":1545620723240,\"createUser\":{\"avatar\":\"\",\"createTime\":1543554553000,\"createUserId\":2,\"displayName\":\"管理员\",\"email\":\"sss@163.com\",\"id\":3,\"isEnabled\":1,\"lastPassword\":\"\",\"organId\":1,\"organName\":\"青岛市无线电管理\",\"password\":\"7e5481d3495a294be63266e66b4d2c53\",\"phone\":\"11111111111\",\"remark\":\"\",\"updateTime\":1543554553000,\"username\":\"admin\"},\"createUserId\":3,\"dataNum\":0,\"dataQuality\":0,\"expectedPoints\":500,\"id\":\"0167de2c9620017f2e2567de2c940001\",\"isModel\":0,\"isRealTime\":true,\"monitorInterval\":1000,\"overTime\":1545620844870,\"startTime\":1545620724870,\"taskBandwidth\":100000.0,\"taskEndrate\":6.0E9,\"taskName\":\"_频谱扫描_12_24ad\",\"taskStartrate\":8.8E7,\"taskStation\":2,\"taskStatus\":1,\"taskType\":\"SPECTRUM\",\"tenuation\":0,\"write\":false}','2018-12-24 11:05:23',NULL),(161,3,'2','2018-12-24 11:05:23','更新任务状态，任务id:0167de2c9620017f2e2567de2c940001，状态:4','2018-12-24 11:05:23',NULL),(162,NULL,'2','2018-12-24 11:05:25','更新任务状态，任务id:0167de2c9620017f2e2567de2c940001，状态:2','2018-12-24 11:05:25',NULL),(163,NULL,'2','2018-12-24 11:07:25','更新任务状态，任务id:0167de2c9620017f2e2567de2c940001，状态:3','2018-12-24 11:07:25',NULL),(164,3,'1','2018-12-24 11:10:29','新增任务:{\"antenna\":0,\"averageCount\":0,\"createTime\":1545621029144,\"createUser\":{\"avatar\":\"\",\"createTime\":1543554553000,\"createUserId\":2,\"displayName\":\"管理员\",\"email\":\"sss@163.com\",\"id\":3,\"isEnabled\":1,\"lastPassword\":\"\",\"organId\":1,\"organName\":\"青岛市无线电管理\",\"password\":\"7e5481d3495a294be63266e66b4d2c53\",\"phone\":\"11111111111\",\"remark\":\"\",\"updateTime\":1543554553000,\"username\":\"admin\"},\"createUserId\":3,\"dataNum\":0,\"dataQuality\":0,\"expectedPoints\":500,\"id\":\"0167de314111017ff50f67de313e0001\",\"isModel\":0,\"isRealTime\":true,\"monitorInterval\":1000,\"overTime\":1545621150577,\"startTime\":1545621030577,\"taskBandwidth\":100000.0,\"taskEndrate\":6.0E9,\"taskName\":\"_频谱扫描_12_24ad\",\"taskStartrate\":8.8E7,\"taskStation\":2,\"taskStatus\":1,\"taskType\":\"SPECTRUM\",\"tenuation\":0,\"write\":false}','2018-12-24 11:10:29',NULL),(165,3,'2','2018-12-24 11:10:29','更新任务状态，任务id:0167de314111017ff50f67de313e0001，状态:4','2018-12-24 11:10:29',NULL),(166,NULL,'2','2018-12-24 11:10:31','更新任务状态，任务id:0167de314111017ff50f67de313e0001，状态:2','2018-12-24 11:10:31',NULL),(167,NULL,'2','2018-12-24 11:12:31','更新任务状态，任务id:0167de314111017ff50f67de313e0001，状态:3','2018-12-24 11:12:31',NULL),(168,3,'1','2018-12-24 11:17:59','新增任务:{\"antenna\":0,\"averageCount\":0,\"createTime\":1545621478890,\"createUser\":{\"avatar\":\"\",\"createTime\":1543554553000,\"createUserId\":2,\"displayName\":\"管理员\",\"email\":\"sss@163.com\",\"id\":3,\"isEnabled\":1,\"lastPassword\":\"\",\"organId\":1,\"organName\":\"青岛市无线电管理\",\"password\":\"7e5481d3495a294be63266e66b4d2c53\",\"phone\":\"11111111111\",\"remark\":\"\",\"updateTime\":1543554553000,\"username\":\"admin\"},\"createUserId\":3,\"dataNum\":0,\"dataQuality\":0,\"expectedPoints\":500,\"id\":\"0167de381de1017ff50f67de313e0002\",\"isModel\":0,\"isRealTime\":true,\"monitorInterval\":1000,\"overTime\":1545621600880,\"startTime\":1545621480880,\"taskBandwidth\":100000.0,\"taskEndrate\":6.0E9,\"taskName\":\"_频谱扫描_12_24af\",\"taskStartrate\":8.8E7,\"taskStation\":2,\"taskStatus\":1,\"taskType\":\"SPECTRUM\",\"tenuation\":0,\"write\":false}','2018-12-24 11:17:59',NULL),(169,3,'2','2018-12-24 11:17:59','更新任务状态，任务id:0167de381de1017ff50f67de313e0002，状态:4','2018-12-24 11:17:59',NULL),(170,NULL,'2','2018-12-24 11:18:01','更新任务状态，任务id:0167de381de1017ff50f67de313e0002，状态:2','2018-12-24 11:18:01',NULL),(171,NULL,'2','2018-12-24 11:20:01','更新任务状态，任务id:0167de381de1017ff50f67de313e0002，状态:3','2018-12-24 11:20:01',NULL),(172,3,'1','2018-12-24 11:20:31','新增任务:{\"antenna\":0,\"averageCount\":0,\"createTime\":1545621631155,\"createUser\":{\"avatar\":\"\",\"createTime\":1543554553000,\"createUserId\":2,\"displayName\":\"管理员\",\"email\":\"sss@163.com\",\"id\":3,\"isEnabled\":1,\"lastPassword\":\"\",\"organId\":1,\"organName\":\"青岛市无线电管理\",\"password\":\"7e5481d3495a294be63266e66b4d2c53\",\"phone\":\"11111111111\",\"remark\":\"\",\"updateTime\":1543554553000,\"username\":\"admin\"},\"createUserId\":3,\"dataNum\":0,\"dataQuality\":0,\"expectedPoints\":500,\"id\":\"0167de3a70ad017ff50f67de313e0003\",\"isModel\":0,\"isRealTime\":true,\"monitorInterval\":1000,\"overTime\":1545621693149,\"startTime\":1545621633149,\"taskBandwidth\":100000.0,\"taskEndrate\":6.0E9,\"taskName\":\"_频谱扫描_12_24afds\",\"taskStartrate\":8.8E7,\"taskStation\":2,\"taskStatus\":1,\"taskType\":\"SPECTRUM\",\"tenuation\":0,\"write\":false}','2018-12-24 11:20:31',NULL),(173,3,'2','2018-12-24 11:20:31','更新任务状态，任务id:0167de3a70ad017ff50f67de313e0003，状态:4','2018-12-24 11:20:31',NULL),(174,3,'2','2018-12-24 11:20:33','更新任务状态，任务id:0167de3a70ad017ff50f67de313e0003，状态:2','2018-12-24 11:20:33',NULL),(175,3,'2','2018-12-24 11:21:33','更新任务状态，任务id:0167de3a70ad017ff50f67de313e0003，状态:3','2018-12-24 11:21:33',NULL),(176,3,'1','2018-12-24 11:23:04','新增任务:{\"antenna\":0,\"averageCount\":0,\"createTime\":1545621783770,\"createUser\":{\"avatar\":\"\",\"createTime\":1543554553000,\"createUserId\":2,\"displayName\":\"管理员\",\"email\":\"sss@163.com\",\"id\":3,\"isEnabled\":1,\"lastPassword\":\"\",\"organId\":1,\"organName\":\"青岛市无线电管理\",\"password\":\"7e5481d3495a294be63266e66b4d2c53\",\"phone\":\"11111111111\",\"remark\":\"\",\"updateTime\":1543554553000,\"username\":\"admin\"},\"createUserId\":3,\"dataNum\":0,\"dataQuality\":0,\"expectedPoints\":500,\"id\":\"0167de3cc4d3017ff50f67de313e0004\",\"isModel\":0,\"isRealTime\":true,\"monitorInterval\":1000,\"overTime\":1545621845761,\"startTime\":1545621785761,\"taskBandwidth\":100000.0,\"taskEndrate\":6.0E9,\"taskName\":\"_频谱扫描_12_24cs\",\"taskStartrate\":8.8E7,\"taskStation\":2,\"taskStatus\":1,\"taskType\":\"SPECTRUM\",\"tenuation\":0,\"write\":false}','2018-12-24 11:23:04',NULL),(177,3,'2','2018-12-24 11:23:04','更新任务状态，任务id:0167de3cc4d3017ff50f67de313e0004，状态:4','2018-12-24 11:23:04',NULL),(178,NULL,'2','2018-12-24 11:23:06','更新任务状态，任务id:0167de3cc4d3017ff50f67de313e0004，状态:2','2018-12-24 11:23:06',NULL),(179,NULL,'2','2018-12-24 11:24:06','更新任务状态，任务id:0167de3cc4d3017ff50f67de313e0004，状态:3','2018-12-24 11:24:06',NULL),(180,3,'1','2018-12-24 14:24:17','新增任务:{\"antenna\":0,\"averageCount\":0,\"createTime\":1545632657066,\"createUser\":{\"avatar\":\"\",\"createTime\":1543554553000,\"createUserId\":2,\"displayName\":\"管理员\",\"email\":\"sss@163.com\",\"id\":3,\"isEnabled\":1,\"lastPassword\":\"\",\"organId\":1,\"organName\":\"青岛市无线电管理\",\"password\":\"7e5481d3495a294be63266e66b4d2c53\",\"phone\":\"11111111111\",\"remark\":\"\",\"updateTime\":1543554553000,\"username\":\"admin\"},\"createUserId\":3,\"dataNum\":0,\"dataQuality\":0,\"expectedPoints\":500,\"id\":\"0167dee2aea6017ff50f67de313e0005\",\"isModel\":0,\"isRealTime\":true,\"monitorInterval\":1000,\"overTime\":1545632779061,\"startTime\":1545632659061,\"taskBandwidth\":100000.0,\"taskEndrate\":6.0E9,\"taskName\":\"_频谱扫描_12_24sc\",\"taskStartrate\":8.8E7,\"taskStation\":2,\"taskStatus\":1,\"taskType\":\"SPECTRUM\",\"tenuation\":0,\"write\":false}','2018-12-24 14:24:17',NULL),(181,3,'2','2018-12-24 14:24:17','更新任务状态，任务id:0167dee2aea6017ff50f67de313e0005，状态:4','2018-12-24 14:24:17',NULL),(182,3,'2','2018-12-24 14:24:19','更新任务状态，任务id:0167dee2aea6017ff50f67de313e0005，状态:2','2018-12-24 14:24:19',NULL),(183,3,'1','2018-12-24 14:26:14','新增任务:{\"antenna\":0,\"averageCount\":0,\"createTime\":1545632774365,\"createUser\":{\"avatar\":\"\",\"createTime\":1543554553000,\"createUserId\":2,\"displayName\":\"管理员\",\"email\":\"sss@163.com\",\"id\":3,\"isEnabled\":1,\"lastPassword\":\"\",\"organId\":1,\"organName\":\"青岛市无线电管理\",\"password\":\"7e5481d3495a294be63266e66b4d2c53\",\"phone\":\"11111111111\",\"remark\":\"\",\"updateTime\":1543554553000,\"username\":\"admin\"},\"createUserId\":3,\"dataNum\":0,\"dataQuality\":0,\"expectedPoints\":500,\"id\":\"0167dee478db017ff50f67de313e0006\",\"isModel\":0,\"isRealTime\":true,\"monitorInterval\":1000,\"overTime\":1545632836362,\"startTime\":1545632776362,\"taskBandwidth\":100000.0,\"taskEndrate\":6.0E9,\"taskName\":\"node1_频谱扫描_12_24\",\"taskStartrate\":8.8E7,\"taskStation\":1,\"taskStatus\":1,\"taskType\":\"SPECTRUM\",\"tenuation\":0,\"write\":false}','2018-12-24 14:26:14',NULL),(184,3,'2','2018-12-24 14:26:14','更新任务状态，任务id:0167dee478db017ff50f67de313e0006，状态:4','2018-12-24 14:26:14',NULL),(185,NULL,'2','2018-12-24 14:26:16','更新任务状态，任务id:0167dee478db017ff50f67de313e0006，状态:2','2018-12-24 14:26:16',NULL),(186,3,'2','2018-12-24 14:26:19','更新任务状态，任务id:0167dee2aea6017ff50f67de313e0005，状态:3','2018-12-24 14:26:19',NULL),(187,NULL,'2','2018-12-24 14:27:16','更新任务状态，任务id:0167dee478db017ff50f67de313e0006，状态:3','2018-12-24 14:27:16',NULL),(188,3,'1','2018-12-24 14:28:00','新增任务:{\"antenna\":0,\"averageCount\":0,\"createTime\":1545632880076,\"createUser\":{\"avatar\":\"\",\"createTime\":1543554553000,\"createUserId\":2,\"displayName\":\"管理员\",\"email\":\"sss@163.com\",\"id\":3,\"isEnabled\":1,\"lastPassword\":\"\",\"organId\":1,\"organName\":\"青岛市无线电管理\",\"password\":\"7e5481d3495a294be63266e66b4d2c53\",\"phone\":\"11111111111\",\"remark\":\"\",\"updateTime\":1543554553000,\"username\":\"admin\"},\"createUserId\":3,\"dataNum\":0,\"dataQuality\":0,\"expectedPoints\":500,\"id\":\"0167dee615c9017ff50f67de313e0007\",\"isModel\":0,\"isRealTime\":true,\"monitorInterval\":1000,\"overTime\":1545632942073,\"startTime\":1545632882073,\"taskBandwidth\":100000.0,\"taskEndrate\":6.0E9,\"taskName\":\"node1_频谱扫描_12_24cs\",\"taskStartrate\":8.8E7,\"taskStation\":1,\"taskStatus\":1,\"taskType\":\"SPECTRUM\",\"tenuation\":0,\"write\":false}','2018-12-24 14:28:00',NULL),(189,3,'2','2018-12-24 14:28:00','更新任务状态，任务id:0167dee615c9017ff50f67de313e0007，状态:4','2018-12-24 14:28:00',NULL),(190,NULL,'2','2018-12-24 14:28:02','更新任务状态，任务id:0167dee615c9017ff50f67de313e0007，状态:2','2018-12-24 14:28:02',NULL),(191,NULL,'2','2018-12-24 14:29:02','更新任务状态，任务id:0167dee615c9017ff50f67de313e0007，状态:3','2018-12-24 14:29:02',NULL),(192,3,'1','2018-12-24 14:34:20','新增任务:{\"antenna\":0,\"averageCount\":0,\"createTime\":1545633259935,\"createUser\":{\"avatar\":\"\",\"createTime\":1543554553000,\"createUserId\":2,\"displayName\":\"管理员\",\"email\":\"sss@163.com\",\"id\":3,\"isEnabled\":1,\"lastPassword\":\"\",\"organId\":1,\"organName\":\"青岛市无线电管理\",\"password\":\"7e5481d3495a294be63266e66b4d2c53\",\"phone\":\"11111111111\",\"remark\":\"\",\"updateTime\":1543554553000,\"username\":\"admin\"},\"createUserId\":3,\"dataNum\":0,\"dataQuality\":0,\"expectedPoints\":500,\"id\":\"0167deebe19d017ff50f67de313e0008\",\"isModel\":0,\"isRealTime\":true,\"monitorInterval\":1000,\"overTime\":1545633381932,\"startTime\":1545633261932,\"taskBandwidth\":100000.0,\"taskEndrate\":6.0E9,\"taskName\":\"_频谱扫描_12_24ax\",\"taskStartrate\":8.8E7,\"taskStation\":2,\"taskStatus\":1,\"taskType\":\"SPECTRUM\",\"tenuation\":0,\"write\":false}','2018-12-24 14:34:20',NULL),(193,3,'2','2018-12-24 14:34:20','更新任务状态，任务id:0167deebe19d017ff50f67de313e0008，状态:4','2018-12-24 14:34:20',NULL),(194,3,'2','2018-12-24 14:34:22','更新任务状态，任务id:0167deebe19d017ff50f67de313e0008，状态:2','2018-12-24 14:34:22',NULL),(195,3,'1','2018-12-24 14:34:54','新增任务:{\"antenna\":0,\"averageCount\":0,\"createTime\":1545633294439,\"createUser\":{\"avatar\":\"\",\"createTime\":1543554553000,\"createUserId\":2,\"displayName\":\"管理员\",\"email\":\"sss@163.com\",\"id\":3,\"isEnabled\":1,\"lastPassword\":\"\",\"organId\":1,\"organName\":\"青岛市无线电管理\",\"password\":\"7e5481d3495a294be63266e66b4d2c53\",\"phone\":\"11111111111\",\"remark\":\"\",\"updateTime\":1543554553000,\"username\":\"admin\"},\"createUserId\":3,\"dataNum\":0,\"dataQuality\":0,\"expectedPoints\":500,\"id\":\"0167deec6865017ff50f67de313e0009\",\"isModel\":0,\"isRealTime\":true,\"monitorInterval\":1000,\"overTime\":1545633416436,\"startTime\":1545633296436,\"taskBandwidth\":100000.0,\"taskEndrate\":6.0E9,\"taskName\":\"_频谱扫描_12_24ac\",\"taskStartrate\":8.8E7,\"taskStation\":1,\"taskStatus\":1,\"taskType\":\"SPECTRUM\",\"tenuation\":0,\"write\":false}','2018-12-24 14:34:54',NULL),(196,3,'2','2018-12-24 14:34:54','更新任务状态，任务id:0167deec6865017ff50f67de313e0009，状态:4','2018-12-24 14:34:54',NULL),(197,NULL,'2','2018-12-24 14:34:56','更新任务状态，任务id:0167deec6865017ff50f67de313e0009，状态:2','2018-12-24 14:34:56',NULL),(198,3,'2','2018-12-24 14:36:22','更新任务状态，任务id:0167deebe19d017ff50f67de313e0008，状态:3','2018-12-24 14:36:22',NULL),(199,NULL,'2','2018-12-24 14:36:57','更新任务状态，任务id:0167deec6865017ff50f67de313e0009，状态:3','2018-12-24 14:36:57',NULL),(200,3,'1','2018-12-26 16:16:18','新增任务:{\"antenna\":0,\"averageCount\":0,\"createTime\":1545812175901,\"createUser\":{\"avatar\":\"\",\"createTime\":1543554553000,\"createUserId\":2,\"displayName\":\"管理员\",\"email\":\"sss@163.com\",\"id\":3,\"isEnabled\":1,\"lastPassword\":\"\",\"organId\":1,\"organName\":\"青岛市无线电管理\",\"password\":\"7e5481d3495a294be63266e66b4d2c53\",\"phone\":\"11111111111\",\"remark\":\"\",\"updateTime\":1543554553000,\"username\":\"admin\"},\"createUserId\":3,\"dataNum\":0,\"dataQuality\":0,\"expectedPoints\":500,\"id\":\"0167e995ec1b0180620c67e995ea0001\",\"isModel\":0,\"isRealTime\":true,\"monitorInterval\":1000,\"overTime\":1545812237494,\"startTime\":1545812177494,\"taskBandwidth\":100000.0,\"taskEndrate\":6.0E9,\"taskName\":\"监测站_2_频谱扫描_12_26\",\"taskStartrate\":8.8E7,\"taskStation\":-2147483607,\"taskStatus\":1,\"taskType\":\"SPECTRUM\",\"tenuation\":0,\"write\":false}','2018-12-26 16:16:18',NULL),(201,3,'1','2018-12-26 16:17:00','新增任务:{\"antenna\":0,\"averageCount\":0,\"createTime\":1545812220287,\"createUser\":{\"avatar\":\"\",\"createTime\":1543554553000,\"createUserId\":2,\"displayName\":\"管理员\",\"email\":\"sss@163.com\",\"id\":3,\"isEnabled\":1,\"lastPassword\":\"\",\"organId\":1,\"organName\":\"青岛市无线电管理\",\"password\":\"7e5481d3495a294be63266e66b4d2c53\",\"phone\":\"11111111111\",\"remark\":\"\",\"updateTime\":1543554553000,\"username\":\"admin\"},\"createUserId\":3,\"dataNum\":0,\"dataQuality\":0,\"expectedPoints\":500,\"id\":\"0167e99699780180620c67e995ea0002\",\"isModel\":0,\"isRealTime\":true,\"monitorInterval\":1000,\"overTime\":1545812282279,\"startTime\":1545812222279,\"taskBandwidth\":100000.0,\"taskEndrate\":6.0E9,\"taskName\":\"监测站_2_频谱扫描_12_26\",\"taskStartrate\":8.8E7,\"taskStation\":-2147483607,\"taskStatus\":1,\"taskType\":\"SPECTRUM\",\"tenuation\":0,\"write\":false}','2018-12-26 16:17:00',NULL),(202,3,'2','2018-12-26 16:17:00','更新任务状态，任务id:0167e99699780180620c67e995ea0002，状态:4','2018-12-26 16:17:00',NULL),(203,NULL,'2','2018-12-26 16:17:02','更新任务状态，任务id:0167e99699780180620c67e995ea0002，状态:2','2018-12-26 16:17:02',NULL),(204,NULL,'2','2018-12-26 16:17:03','更新任务状态，任务id:0167e99699780180620c67e995ea0002，状态:3','2018-12-26 16:17:03',NULL),(205,3,'1','2018-12-26 16:19:55','新增任务:{\"antenna\":0,\"averageCount\":0,\"createTime\":1545812395458,\"createUser\":{\"avatar\":\"\",\"createTime\":1543554553000,\"createUserId\":2,\"displayName\":\"管理员\",\"email\":\"sss@163.com\",\"id\":3,\"isEnabled\":1,\"lastPassword\":\"\",\"organId\":1,\"organName\":\"青岛市无线电管理\",\"password\":\"7e5481d3495a294be63266e66b4d2c53\",\"phone\":\"11111111111\",\"remark\":\"\",\"updateTime\":1543554553000,\"username\":\"admin\"},\"createUserId\":3,\"dataNum\":0,\"dataQuality\":0,\"expectedPoints\":500,\"id\":\"0167e99945bd0180620c67e995ea0003\",\"isModel\":0,\"isRealTime\":true,\"monitorInterval\":1000,\"overTime\":1545812457452,\"startTime\":1545812397452,\"taskBandwidth\":100000.0,\"taskEndrate\":6.0E9,\"taskName\":\"监测站_2_频谱扫描_12_26a\",\"taskStartrate\":8.8E7,\"taskStation\":-2147483607,\"taskStatus\":1,\"taskType\":\"SPECTRUM\",\"tenuation\":0,\"write\":false}','2018-12-26 16:19:55',NULL),(206,3,'1','2018-12-26 16:20:13','新增任务:{\"antenna\":0,\"averageCount\":0,\"createTime\":1545812412747,\"createUser\":{\"avatar\":\"\",\"createTime\":1543554553000,\"createUserId\":2,\"displayName\":\"管理员\",\"email\":\"sss@163.com\",\"id\":3,\"isEnabled\":1,\"lastPassword\":\"\",\"organId\":1,\"organName\":\"青岛市无线电管理\",\"password\":\"7e5481d3495a294be63266e66b4d2c53\",\"phone\":\"11111111111\",\"remark\":\"\",\"updateTime\":1543554553000,\"username\":\"admin\"},\"createUserId\":3,\"dataNum\":0,\"dataQuality\":0,\"expectedPoints\":500,\"id\":\"0167e99989450180620c67e995ea0004\",\"isModel\":0,\"isRealTime\":true,\"monitorInterval\":1000,\"overTime\":1545812474740,\"startTime\":1545812414740,\"taskBandwidth\":100000.0,\"taskEndrate\":6.0E9,\"taskName\":\"监测站_2_频谱扫描_12_26aad\",\"taskStartrate\":8.8E7,\"taskStation\":-2147483607,\"taskStatus\":1,\"taskType\":\"SPECTRUM\",\"tenuation\":0,\"write\":false}','2018-12-26 16:20:13',NULL),(207,3,'2','2018-12-26 16:20:13','更新任务状态，任务id:0167e99989450180620c67e995ea0004，状态:4','2018-12-26 16:20:13',NULL),(208,3,'2','2018-12-26 16:20:15','更新任务状态，任务id:0167e99989450180620c67e995ea0004，状态:2','2018-12-26 16:20:15',NULL),(209,3,'2','2018-12-26 16:20:53','更新任务状态，任务id:0167e99989450180620c67e995ea0004，状态:3','2018-12-26 16:20:53',NULL),(210,3,'1','2018-12-26 16:21:24','新增任务:{\"antenna\":0,\"averageCount\":0,\"createTime\":1545812483960,\"createUser\":{\"avatar\":\"\",\"createTime\":1543554553000,\"createUserId\":2,\"displayName\":\"管理员\",\"email\":\"sss@163.com\",\"id\":3,\"isEnabled\":1,\"lastPassword\":\"\",\"organId\":1,\"organName\":\"青岛市无线电管理\",\"password\":\"7e5481d3495a294be63266e66b4d2c53\",\"phone\":\"11111111111\",\"remark\":\"\",\"updateTime\":1543554553000,\"username\":\"admin\"},\"createUserId\":3,\"dataNum\":0,\"dataQuality\":0,\"expectedPoints\":500,\"id\":\"0167e99a9f700180620c67e995ea0005\",\"isModel\":0,\"isRealTime\":true,\"monitorInterval\":1000,\"overTime\":1545812605950,\"startTime\":1545812485950,\"taskBandwidth\":100000.0,\"taskEndrate\":6.0E9,\"taskName\":\"监测站_2_频谱扫描_12_26\",\"taskStartrate\":8.8E7,\"taskStation\":-2147483607,\"taskStatus\":1,\"taskType\":\"SPECTRUM\",\"tenuation\":0,\"write\":false}','2018-12-26 16:21:24',NULL),(211,3,'2','2018-12-26 16:21:24','更新任务状态，任务id:0167e99a9f700180620c67e995ea0005，状态:4','2018-12-26 16:21:24',NULL),(212,3,'2','2018-12-26 16:21:26','更新任务状态，任务id:0167e99a9f700180620c67e995ea0005，状态:2','2018-12-26 16:21:26',NULL),(213,3,'2','2018-12-26 16:21:44','更新任务状态，任务id:0167e99a9f700180620c67e995ea0005，状态:3','2018-12-26 16:21:44',NULL),(214,3,'1','2018-12-26 16:34:59','新增任务:{\"antenna\":0,\"averageCount\":0,\"createTime\":1545813298912,\"createUser\":{\"avatar\":\"\",\"createTime\":1543554553000,\"createUserId\":2,\"displayName\":\"管理员\",\"email\":\"sss@163.com\",\"id\":3,\"isEnabled\":1,\"lastPassword\":\"\",\"organId\":1,\"organName\":\"青岛市无线电管理\",\"password\":\"7e5481d3495a294be63266e66b4d2c53\",\"phone\":\"11111111111\",\"remark\":\"\",\"updateTime\":1543554553000,\"username\":\"admin\"},\"createUserId\":3,\"dataNum\":0,\"dataQuality\":1,\"expectedPoints\":1024,\"id\":\"0167e9a70ede01808a9e67e9a70d0001\",\"isModel\":0,\"isRealTime\":true,\"monitorInterval\":1000,\"overTime\":1545813600578,\"startTime\":1545813300578,\"taskBandwidth\":100000.0,\"taskEndrate\":1.0E9,\"taskName\":\"监测站_2_频谱扫描_12_26\",\"taskStartrate\":8.8E7,\"taskStation\":-2147483607,\"taskStatus\":1,\"taskType\":\"SPECTRUM\",\"tenuation\":0,\"write\":false}','2018-12-26 16:34:59',NULL),(215,3,'2','2018-12-26 16:34:59','更新任务状态，任务id:0167e9a70ede01808a9e67e9a70d0001，状态:4','2018-12-26 16:34:59',NULL),(216,NULL,'2','2018-12-26 16:35:01','更新任务状态，任务id:0167e9a70ede01808a9e67e9a70d0001，状态:2','2018-12-26 16:35:01',NULL),(217,NULL,'2','2018-12-26 16:36:01','更新任务状态，任务id:0167e9a70ede01808a9e67e9a70d0001，状态:3','2018-12-26 16:36:01',NULL),(218,3,'1','2018-12-26 16:42:21','新增任务:{\"antenna\":0,\"averageCount\":0,\"createTime\":1545813740975,\"createUser\":{\"avatar\":\"\",\"createTime\":1543554553000,\"createUserId\":2,\"displayName\":\"管理员\",\"email\":\"sss@163.com\",\"id\":3,\"isEnabled\":1,\"lastPassword\":\"\",\"organId\":1,\"organName\":\"青岛市无线电管理\",\"password\":\"7e5481d3495a294be63266e66b4d2c53\",\"phone\":\"11111111111\",\"remark\":\"\",\"updateTime\":1543554553000,\"username\":\"admin\"},\"createUserId\":3,\"dataNum\":0,\"dataQuality\":1,\"expectedPoints\":1024,\"id\":\"0167e9adcdab01808a9e67e9a70d0002\",\"isModel\":0,\"isRealTime\":true,\"monitorInterval\":1000,\"overTime\":1545814042971,\"startTime\":1545813742971,\"taskBandwidth\":100000.0,\"taskEndrate\":1.0E9,\"taskName\":\"监测站_2_频谱扫描_12_26\",\"taskStartrate\":8.8E7,\"taskStation\":-2147483607,\"taskStatus\":1,\"taskType\":\"SPECTRUM\",\"tenuation\":0,\"write\":false}','2018-12-26 16:42:21',NULL),(219,3,'2','2018-12-26 16:42:21','更新任务状态，任务id:0167e9adcdab01808a9e67e9a70d0002，状态:4','2018-12-26 16:42:21',NULL),(220,NULL,'2','2018-12-26 16:42:23','更新任务状态，任务id:0167e9adcdab01808a9e67e9a70d0002，状态:2','2018-12-26 16:42:23',NULL),(221,NULL,'2','2018-12-26 16:42:43','更新任务状态，任务id:0167e9adcdab01808a9e67e9a70d0002，状态:3','2018-12-26 16:42:43',NULL),(222,3,'1','2018-12-26 16:43:35','新增任务:{\"antenna\":0,\"averageCount\":0,\"createTime\":1545813814978,\"createUser\":{\"avatar\":\"\",\"createTime\":1543554553000,\"createUserId\":2,\"displayName\":\"管理员\",\"email\":\"sss@163.com\",\"id\":3,\"isEnabled\":1,\"lastPassword\":\"\",\"organId\":1,\"organName\":\"青岛市无线电管理\",\"password\":\"7e5481d3495a294be63266e66b4d2c53\",\"phone\":\"11111111111\",\"remark\":\"\",\"updateTime\":1543554553000,\"username\":\"admin\"},\"createUserId\":3,\"dataNum\":0,\"dataQuality\":1,\"expectedPoints\":1024,\"id\":\"0167e9aeeebf01808a9e67e9a70d0003\",\"isModel\":0,\"isRealTime\":true,\"monitorInterval\":1000,\"overTime\":1545814116974,\"startTime\":1545813816974,\"taskBandwidth\":100000.0,\"taskEndrate\":1.0E9,\"taskName\":\"监测站_2_频谱扫描_12_26\",\"taskStartrate\":8.8E7,\"taskStation\":-2147483607,\"taskStatus\":1,\"taskType\":\"SPECTRUM\",\"tenuation\":0,\"write\":false}','2018-12-26 16:43:35',NULL),(223,3,'2','2018-12-26 16:43:35','更新任务状态，任务id:0167e9aeeebf01808a9e67e9a70d0003，状态:4','2018-12-26 16:43:35',NULL),(224,NULL,'2','2018-12-26 16:43:37','更新任务状态，任务id:0167e9aeeebf01808a9e67e9a70d0003，状态:2','2018-12-26 16:43:37',NULL),(225,NULL,'2','2018-12-26 16:44:08','更新任务状态，任务id:0167e9aeeebf01808a9e67e9a70d0003，状态:3','2018-12-26 16:44:08',NULL),(226,NULL,'2','2018-12-26 16:45:22','更新任务状态，任务id:0167e9aeeebf01808a9e67e9a70d0003，状态:2','2018-12-26 16:45:22',NULL),(227,NULL,'2','2018-12-26 16:45:44','更新任务状态，任务id:0167e9aeeebf01808a9e67e9a70d0003，状态:3','2018-12-26 16:45:44',NULL),(228,3,'1','2018-12-26 16:47:59','新增任务:{\"antenna\":0,\"averageCount\":0,\"createTime\":1545814078495,\"createUser\":{\"avatar\":\"\",\"createTime\":1543554553000,\"createUserId\":2,\"displayName\":\"管理员\",\"email\":\"sss@163.com\",\"id\":3,\"isEnabled\":1,\"lastPassword\":\"\",\"organId\":1,\"organName\":\"青岛市无线电管理\",\"password\":\"7e5481d3495a294be63266e66b4d2c53\",\"phone\":\"11111111111\",\"remark\":\"\",\"updateTime\":1543554553000,\"username\":\"admin\"},\"createUserId\":3,\"dataNum\":0,\"dataQuality\":1,\"expectedPoints\":1024,\"id\":\"0167e9b2f41c018039bb67e9b2f20001\",\"isModel\":0,\"isRealTime\":true,\"monitorInterval\":1000,\"overTime\":1545814140083,\"startTime\":1545814080083,\"taskBandwidth\":100000.0,\"taskEndrate\":1.0E9,\"taskName\":\"监测站_2_频谱扫描_12_26\",\"taskStartrate\":8.8E7,\"taskStation\":-2147483607,\"taskStatus\":1,\"taskType\":\"SPECTRUM\",\"tenuation\":0,\"write\":false}','2018-12-26 16:47:59',NULL),(229,3,'2','2018-12-26 16:47:59','更新任务状态，任务id:0167e9b2f41c018039bb67e9b2f20001，状态:4','2018-12-26 16:47:59',NULL),(230,NULL,'2','2018-12-26 16:48:00','更新任务状态，任务id:0167e9b2f41c018039bb67e9b2f20001，状态:2','2018-12-26 16:48:00',NULL),(231,NULL,'2','2018-12-26 16:48:01','更新任务状态，任务id:0167e9b2f41c018039bb67e9b2f20001，状态:3','2018-12-26 16:48:01',NULL),(232,3,'1','2018-12-26 17:01:20','新增任务:{\"antenna\":0,\"averageCount\":0,\"createTime\":1545814880284,\"createUser\":{\"avatar\":\"\",\"createTime\":1543554553000,\"createUserId\":2,\"displayName\":\"管理员\",\"email\":\"sss@163.com\",\"id\":3,\"isEnabled\":1,\"lastPassword\":\"\",\"organId\":1,\"organName\":\"青岛市无线电管理\",\"password\":\"7e5481d3495a294be63266e66b4d2c53\",\"phone\":\"11111111111\",\"remark\":\"\",\"updateTime\":1543554553000,\"username\":\"admin\"},\"createUserId\":3,\"dataNum\":0,\"dataQuality\":1,\"expectedPoints\":1024,\"id\":\"0167e9bf3019018039bb67e9b2f20002\",\"isModel\":0,\"isRealTime\":true,\"monitorInterval\":1000,\"overTime\":1545815182280,\"startTime\":1545814882280,\"taskBandwidth\":100000.0,\"taskEndrate\":1.0E9,\"taskName\":\"监测站_2_频谱扫描_12_26\",\"taskStartrate\":8.8E7,\"taskStation\":-2147483607,\"taskStatus\":1,\"taskType\":\"SPECTRUM\",\"tenuation\":0,\"write\":false}','2018-12-26 17:01:20',NULL),(233,3,'2','2018-12-26 17:01:20','更新任务状态，任务id:0167e9bf3019018039bb67e9b2f20002，状态:4','2018-12-26 17:01:20',NULL),(234,NULL,'2','2018-12-26 17:01:22','更新任务状态，任务id:0167e9bf3019018039bb67e9b2f20002，状态:2','2018-12-26 17:01:22',NULL),(235,NULL,'2','2018-12-26 17:01:23','更新任务状态，任务id:0167e9bf3019018039bb67e9b2f20002，状态:3','2018-12-26 17:01:23',NULL),(236,3,'1','2018-12-26 17:17:50','新增任务:{\"antenna\":0,\"averageCount\":0,\"createTime\":1545815869704,\"createUser\":{\"avatar\":\"\",\"createTime\":1543554553000,\"createUserId\":2,\"displayName\":\"管理员\",\"email\":\"sss@163.com\",\"id\":3,\"isEnabled\":1,\"lastPassword\":\"\",\"organId\":1,\"organName\":\"青岛市无线电管理\",\"password\":\"7e5481d3495a294be63266e66b4d2c53\",\"phone\":\"11111111111\",\"remark\":\"\",\"updateTime\":1543554553000,\"username\":\"admin\"},\"createUserId\":3,\"dataNum\":0,\"dataQuality\":1,\"expectedPoints\":1024,\"id\":\"0167e9ce49040180dfe567e9ce470001\",\"isModel\":0,\"isRealTime\":true,\"monitorInterval\":1000,\"overTime\":1545816171370,\"startTime\":1545815871370,\"taskBandwidth\":100000.0,\"taskEndrate\":1.0E9,\"taskName\":\"监测站_2_频谱扫描_12_26\",\"taskStartrate\":8.8E7,\"taskStation\":-2147483605,\"taskStatus\":1,\"taskType\":\"SPECTRUM\",\"tenuation\":0,\"write\":false}','2018-12-26 17:17:50',NULL),(237,3,'2','2018-12-26 17:17:50','更新任务状态，任务id:0167e9ce49040180dfe567e9ce470001，状态:4','2018-12-26 17:17:50',NULL),(238,NULL,'2','2018-12-26 17:17:51','更新任务状态，任务id:0167e9ce49040180dfe567e9ce470001，状态:2','2018-12-26 17:17:51',NULL),(239,NULL,'2','2018-12-26 17:17:52','更新任务状态，任务id:0167e9ce49040180dfe567e9ce470001，状态:3','2018-12-26 17:17:52',NULL),(240,3,'1','2018-12-26 17:20:00','新增任务:{\"antenna\":0,\"averageCount\":0,\"createTime\":1545816000021,\"createUser\":{\"avatar\":\"\",\"createTime\":1543554553000,\"createUserId\":2,\"displayName\":\"管理员\",\"email\":\"sss@163.com\",\"id\":3,\"isEnabled\":1,\"lastPassword\":\"\",\"organId\":1,\"organName\":\"青岛市无线电管理\",\"password\":\"7e5481d3495a294be63266e66b4d2c53\",\"phone\":\"11111111111\",\"remark\":\"\",\"updateTime\":1543554553000,\"username\":\"admin\"},\"createUserId\":3,\"dataNum\":0,\"dataQuality\":1,\"expectedPoints\":1024,\"id\":\"0167e9d046120180d66067e9d0440001\",\"isModel\":0,\"isRealTime\":true,\"monitorInterval\":1000,\"overTime\":1545816301668,\"startTime\":1545816001668,\"taskBandwidth\":100000.0,\"taskEndrate\":1.0E9,\"taskName\":\"监测站_2_频谱扫描_12_26\",\"taskStartrate\":8.8E7,\"taskStation\":-2147483606,\"taskStatus\":1,\"taskType\":\"SPECTRUM\",\"tenuation\":0,\"write\":false}','2018-12-26 17:20:00',NULL),(241,3,'2','2018-12-26 17:20:00','更新任务状态，任务id:0167e9d046120180d66067e9d0440001，状态:4','2018-12-26 17:20:00',NULL),(242,NULL,'2','2018-12-26 17:20:02','更新任务状态，任务id:0167e9d046120180d66067e9d0440001，状态:2','2018-12-26 17:20:02',NULL),(243,NULL,'2','2018-12-26 17:20:02','更新任务状态，任务id:0167e9d046120180d66067e9d0440001，状态:3','2018-12-26 17:20:02',NULL),(244,3,'1','2018-12-26 17:25:20','新增任务:{\"antenna\":0,\"averageCount\":0,\"createTime\":1545816320328,\"createUser\":{\"avatar\":\"\",\"createTime\":1543554553000,\"createUserId\":2,\"displayName\":\"管理员\",\"email\":\"sss@163.com\",\"id\":3,\"isEnabled\":1,\"lastPassword\":\"\",\"organId\":1,\"organName\":\"青岛市无线电管理\",\"password\":\"7e5481d3495a294be63266e66b4d2c53\",\"phone\":\"11111111111\",\"remark\":\"\",\"updateTime\":1543554553000,\"username\":\"admin\"},\"createUserId\":3,\"dataNum\":0,\"dataQuality\":1,\"expectedPoints\":1024,\"id\":\"0167e9d529410180d66067e9d0440002\",\"isModel\":0,\"isRealTime\":true,\"monitorInterval\":1000,\"overTime\":1545816382320,\"startTime\":1545816322320,\"taskBandwidth\":100000.0,\"taskEndrate\":1.0E9,\"taskName\":\"监测站_2_频谱扫描_12_26csc\",\"taskStartrate\":8.8E7,\"taskStation\":-2147483606,\"taskStatus\":1,\"taskType\":\"SPECTRUM\",\"tenuation\":0,\"write\":false}','2018-12-26 17:25:20',NULL),(245,3,'2','2018-12-26 17:25:20','更新任务状态，任务id:0167e9d529410180d66067e9d0440002，状态:4','2018-12-26 17:25:20',NULL),(246,NULL,'2','2018-12-26 17:25:22','更新任务状态，任务id:0167e9d529410180d66067e9d0440002，状态:2','2018-12-26 17:25:22',NULL),(247,NULL,'2','2018-12-26 17:25:22','更新任务状态，任务id:0167e9d529410180d66067e9d0440002，状态:3','2018-12-26 17:25:22',NULL),(248,3,'1','2018-12-26 17:28:27','新增任务:{\"antenna\":0,\"averageCount\":0,\"createTime\":1545816506936,\"createUser\":{\"avatar\":\"\",\"createTime\":1543554553000,\"createUserId\":2,\"displayName\":\"管理员\",\"email\":\"sss@163.com\",\"id\":3,\"isEnabled\":1,\"lastPassword\":\"\",\"organId\":1,\"organName\":\"青岛市无线电管理\",\"password\":\"7e5481d3495a294be63266e66b4d2c53\",\"phone\":\"11111111111\",\"remark\":\"\",\"updateTime\":1543554553000,\"username\":\"admin\"},\"createUserId\":3,\"dataNum\":0,\"dataQuality\":1,\"expectedPoints\":1024,\"id\":\"0167e9d802340180d1d867e9d8000001\",\"isModel\":0,\"isRealTime\":true,\"monitorInterval\":1000,\"overTime\":1545816568614,\"startTime\":1545816508614,\"taskBandwidth\":100000.0,\"taskEndrate\":1.0E9,\"taskName\":\"监测站_2_频谱扫描_12_26\",\"taskStartrate\":8.8E7,\"taskStation\":-2147483606,\"taskStatus\":1,\"taskType\":\"SPECTRUM\",\"tenuation\":0,\"write\":false}','2018-12-26 17:28:27',NULL),(249,3,'2','2018-12-26 17:28:27','更新任务状态，任务id:0167e9d802340180d1d867e9d8000001，状态:4','2018-12-26 17:28:27',NULL),(250,NULL,'2','2018-12-26 17:28:29','更新任务状态，任务id:0167e9d802340180d1d867e9d8000001，状态:2','2018-12-26 17:28:29',NULL),(251,NULL,'2','2018-12-26 17:28:29','更新任务状态，任务id:0167e9d802340180d1d867e9d8000001，状态:3','2018-12-26 17:28:29',NULL),(252,3,'1','2018-12-27 08:37:57','新增任务:{\"antenna\":0,\"averageCount\":0,\"createTime\":1545871077281,\"createUser\":{\"avatar\":\"\",\"createTime\":1543554553000,\"createUserId\":2,\"displayName\":\"管理员\",\"email\":\"sss@163.com\",\"id\":3,\"isEnabled\":1,\"lastPassword\":\"\",\"organId\":1,\"organName\":\"青岛市无线电管理\",\"password\":\"7e5481d3495a294be63266e66b4d2c53\",\"phone\":\"11111111111\",\"remark\":\"\",\"updateTime\":1543554553000,\"username\":\"admin\"},\"createUserId\":3,\"dataNum\":0,\"dataQuality\":1,\"expectedPoints\":1024,\"id\":\"0167ed18af9d017ff35867ed18ae0001\",\"isModel\":0,\"isRealTime\":true,\"monitorInterval\":1000,\"overTime\":1545871138952,\"startTime\":1545871078952,\"taskBandwidth\":100000.0,\"taskEndrate\":1.0E9,\"taskName\":\"监测站_2_频谱扫描_12_27\",\"taskStartrate\":8.8E7,\"taskStation\":-2147483606,\"taskStatus\":1,\"taskType\":\"SPECTRUM\",\"tenuation\":0,\"write\":false}','2018-12-27 08:37:57',NULL),(253,3,'2','2018-12-27 08:37:57','更新任务状态，任务id:0167ed18af9d017ff35867ed18ae0001，状态:4','2018-12-27 08:37:57',NULL),(254,NULL,'2','2018-12-27 08:37:59','更新任务状态，任务id:0167ed18af9d017ff35867ed18ae0001，状态:2','2018-12-27 08:37:59',NULL),(255,NULL,'2','2018-12-27 08:38:59','更新任务状态，任务id:0167ed18af9d017ff35867ed18ae0001，状态:3','2018-12-27 08:38:59',NULL),(256,3,'1','2018-12-27 08:49:53','新增任务:{\"antenna\":0,\"averageCount\":0,\"createTime\":1545871793302,\"createUser\":{\"avatar\":\"\",\"createTime\":1543554553000,\"createUserId\":2,\"displayName\":\"管理员\",\"email\":\"sss@163.com\",\"id\":3,\"isEnabled\":1,\"lastPassword\":\"\",\"organId\":1,\"organName\":\"青岛市无线电管理\",\"password\":\"7e5481d3495a294be63266e66b4d2c53\",\"phone\":\"11111111111\",\"remark\":\"\",\"updateTime\":1543554553000,\"username\":\"admin\"},\"createUserId\":3,\"dataNum\":0,\"dataQuality\":1,\"expectedPoints\":1024,\"id\":\"0167ed239c8d017ff35867ed18ae0002\",\"isModel\":0,\"isRealTime\":true,\"monitorInterval\":1000,\"overTime\":1545871855286,\"startTime\":1545871795286,\"taskBandwidth\":100000.0,\"taskEndrate\":1.0E9,\"taskName\":\"监测站_2_频谱扫描_12_27d\",\"taskStartrate\":8.8E7,\"taskStation\":-2147483606,\"taskStatus\":1,\"taskType\":\"SPECTRUM\",\"tenuation\":0,\"write\":false}','2018-12-27 08:49:53',NULL),(257,3,'2','2018-12-27 08:49:53','更新任务状态，任务id:0167ed239c8d017ff35867ed18ae0002，状态:4','2018-12-27 08:49:53',NULL),(258,3,'2','2018-12-27 08:49:55','更新任务状态，任务id:0167ed239c8d017ff35867ed18ae0002，状态:2','2018-12-27 08:49:55',NULL),(259,3,'2','2018-12-27 08:49:56','更新任务状态，任务id:0167ed239c8d017ff35867ed18ae0002，状态:3','2018-12-27 08:49:56',NULL),(260,3,'1','2018-12-27 08:52:12','新增任务:{\"antenna\":0,\"averageCount\":0,\"createTime\":1545871932359,\"createUser\":{\"avatar\":\"\",\"createTime\":1543554553000,\"createUserId\":2,\"displayName\":\"管理员\",\"email\":\"sss@163.com\",\"id\":3,\"isEnabled\":1,\"lastPassword\":\"\",\"organId\":1,\"organName\":\"青岛市无线电管理\",\"password\":\"7e5481d3495a294be63266e66b4d2c53\",\"phone\":\"11111111111\",\"remark\":\"\",\"updateTime\":1543554553000,\"username\":\"admin\"},\"createUserId\":3,\"dataNum\":0,\"dataQuality\":1,\"expectedPoints\":1024,\"id\":\"0167ed25bbc2017ff63967ed25ba0001\",\"isModel\":0,\"isRealTime\":true,\"monitorInterval\":1000,\"overTime\":1545871993945,\"startTime\":1545871933945,\"taskBandwidth\":100000.0,\"taskEndrate\":1.0E9,\"taskName\":\"监测站_2_频谱扫描_12_27\",\"taskStartrate\":8.8E7,\"taskStation\":-2147483605,\"taskStatus\":1,\"taskType\":\"SPECTRUM\",\"tenuation\":0,\"write\":false}','2018-12-27 08:52:12',NULL),(261,3,'2','2018-12-27 08:52:12','更新任务状态，任务id:0167ed25bbc2017ff63967ed25ba0001，状态:4','2018-12-27 08:52:12',NULL),(262,NULL,'2','2018-12-27 08:52:14','更新任务状态，任务id:0167ed25bbc2017ff63967ed25ba0001，状态:2','2018-12-27 08:52:14',NULL),(263,NULL,'2','2018-12-27 08:53:14','更新任务状态，任务id:0167ed25bbc2017ff63967ed25ba0001，状态:3','2018-12-27 08:53:14',NULL),(264,3,'1','2018-12-27 08:57:16','新增任务:{\"antenna\":0,\"averageCount\":0,\"createTime\":1545872236068,\"createUser\":{\"avatar\":\"\",\"createTime\":1543554553000,\"createUserId\":2,\"displayName\":\"管理员\",\"email\":\"sss@163.com\",\"id\":3,\"isEnabled\":1,\"lastPassword\":\"\",\"organId\":1,\"organName\":\"青岛市无线电管理\",\"password\":\"7e5481d3495a294be63266e66b4d2c53\",\"phone\":\"11111111111\",\"remark\":\"\",\"updateTime\":1543554553000,\"username\":\"admin\"},\"createUserId\":3,\"dataNum\":0,\"dataQuality\":1,\"expectedPoints\":1024,\"id\":\"0167ed2a5e20017f42b067ed2a5c0001\",\"isModel\":0,\"isRealTime\":true,\"monitorInterval\":1000,\"overTime\":1545872297686,\"startTime\":1545872237686,\"taskBandwidth\":100000.0,\"taskEndrate\":1.0E9,\"taskName\":\"监测站_2_频谱扫描_12_27\",\"taskStartrate\":8.8E7,\"taskStation\":-2147483606,\"taskStatus\":1,\"taskType\":\"SPECTRUM\",\"tenuation\":0,\"write\":false}','2018-12-27 08:57:16',NULL),(265,3,'2','2018-12-27 08:57:16','更新任务状态，任务id:0167ed2a5e20017f42b067ed2a5c0001，状态:4','2018-12-27 08:57:16',NULL),(266,NULL,'2','2018-12-27 08:57:18','更新任务状态，任务id:0167ed2a5e20017f42b067ed2a5c0001，状态:2','2018-12-27 08:57:18',NULL),(267,NULL,'2','2018-12-27 08:58:18','更新任务状态，任务id:0167ed2a5e20017f42b067ed2a5c0001，状态:3','2018-12-27 08:58:18',NULL),(268,3,'1','2018-12-27 09:00:37','新增任务:{\"antenna\":0,\"averageCount\":0,\"createTime\":1545872437149,\"createUser\":{\"avatar\":\"\",\"createTime\":1543554553000,\"createUserId\":2,\"displayName\":\"管理员\",\"email\":\"sss@163.com\",\"id\":3,\"isEnabled\":1,\"lastPassword\":\"\",\"organId\":1,\"organName\":\"青岛市无线电管理\",\"password\":\"7e5481d3495a294be63266e66b4d2c53\",\"phone\":\"11111111111\",\"remark\":\"\",\"updateTime\":1543554553000,\"username\":\"admin\"},\"createUserId\":3,\"dataNum\":0,\"dataQuality\":1,\"expectedPoints\":1024,\"id\":\"0167ed2d6f99017f358467ed2d6d0001\",\"isModel\":0,\"isRealTime\":true,\"monitorInterval\":1000,\"overTime\":1545872498717,\"startTime\":1545872438717,\"taskBandwidth\":100000.0,\"taskEndrate\":1.0E9,\"taskName\":\"监测站_2_频谱扫描_12_27\",\"taskStartrate\":8.8E7,\"taskStation\":-2147483605,\"taskStatus\":1,\"taskType\":\"SPECTRUM\",\"tenuation\":0,\"write\":false}','2018-12-27 09:00:37',NULL),(269,3,'2','2018-12-27 09:00:37','更新任务状态，任务id:0167ed2d6f99017f358467ed2d6d0001，状态:4','2018-12-27 09:00:37',NULL),(270,NULL,'2','2018-12-27 09:00:39','更新任务状态，任务id:0167ed2d6f99017f358467ed2d6d0001，状态:2','2018-12-27 09:00:39',NULL),(271,NULL,'2','2018-12-27 09:01:39','更新任务状态，任务id:0167ed2d6f99017f358467ed2d6d0001，状态:3','2018-12-27 09:01:39',NULL),(272,3,'1','2018-12-27 09:02:52','新增任务:{\"antenna\":0,\"averageCount\":0,\"createTime\":1545872572197,\"createUser\":{\"avatar\":\"\",\"createTime\":1543554553000,\"createUserId\":2,\"displayName\":\"管理员\",\"email\":\"sss@163.com\",\"id\":3,\"isEnabled\":1,\"lastPassword\":\"\",\"organId\":1,\"organName\":\"青岛市无线电管理\",\"password\":\"7e5481d3495a294be63266e66b4d2c53\",\"phone\":\"11111111111\",\"remark\":\"\",\"updateTime\":1543554553000,\"username\":\"admin\"},\"createUserId\":3,\"dataNum\":0,\"dataQuality\":1,\"expectedPoints\":1024,\"id\":\"0167ed2f7f22017f437967ed2f7d0001\",\"isModel\":0,\"isRealTime\":true,\"monitorInterval\":1000,\"overTime\":1545872633756,\"startTime\":1545872573756,\"taskBandwidth\":100000.0,\"taskEndrate\":1.0E9,\"taskName\":\"监测站_2_频谱扫描_12_27\",\"taskStartrate\":8.8E7,\"taskStation\":-2147483604,\"taskStatus\":1,\"taskType\":\"SPECTRUM\",\"tenuation\":0,\"write\":false}','2018-12-27 09:02:52',NULL),(273,3,'2','2018-12-27 09:02:53','更新任务状态，任务id:0167ed2f7f22017f437967ed2f7d0001，状态:4','2018-12-27 09:02:53',NULL),(274,NULL,'2','2018-12-27 09:02:54','更新任务状态，任务id:0167ed2f7f22017f437967ed2f7d0001，状态:2','2018-12-27 09:02:54',NULL),(275,NULL,'2','2018-12-27 09:03:54','更新任务状态，任务id:0167ed2f7f22017f437967ed2f7d0001，状态:3','2018-12-27 09:03:54',NULL),(276,3,'1','2018-12-27 09:15:40','新增任务:{\"antenna\":0,\"averageCount\":0,\"createTime\":1545873339544,\"createUser\":{\"avatar\":\"\",\"createTime\":1543554553000,\"createUserId\":2,\"displayName\":\"管理员\",\"email\":\"sss@163.com\",\"id\":3,\"isEnabled\":1,\"lastPassword\":\"\",\"organId\":1,\"organName\":\"青岛市无线电管理\",\"password\":\"7e5481d3495a294be63266e66b4d2c53\",\"phone\":\"11111111111\",\"remark\":\"\",\"updateTime\":1543554553000,\"username\":\"admin\"},\"createUserId\":3,\"dataNum\":0,\"dataQuality\":0,\"expectedPoints\":500,\"id\":\"0167ed3b3495017f437967ed2f7d0002\",\"isModel\":0,\"isRealTime\":true,\"monitorInterval\":1000,\"overTime\":1545873401541,\"startTime\":1545873341541,\"taskBandwidth\":100000.0,\"taskEndrate\":6.0E9,\"taskName\":\"监测站_2_频谱扫描_12_27\",\"taskStartrate\":8.8E7,\"taskStation\":-2147483604,\"taskStatus\":1,\"taskType\":\"SPECTRUM\",\"tenuation\":0,\"write\":false}','2018-12-27 09:15:40',NULL),(277,3,'2','2018-12-27 09:15:40','更新任务状态，任务id:0167ed3b3495017f437967ed2f7d0002，状态:4','2018-12-27 09:15:40',NULL),(278,NULL,'2','2018-12-27 09:15:42','更新任务状态，任务id:0167ed3b3495017f437967ed2f7d0002，状态:2','2018-12-27 09:15:42',NULL),(279,NULL,'2','2018-12-27 09:16:42','更新任务状态，任务id:0167ed3b3495017f437967ed2f7d0002，状态:3','2018-12-27 09:16:42',NULL),(280,3,'1','2018-12-27 13:57:22','新增任务:{\"antenna\":0,\"averageCount\":0,\"createTime\":1545890241582,\"createUser\":{\"avatar\":\"\",\"createTime\":1543554553000,\"createUserId\":2,\"displayName\":\"管理员\",\"email\":\"sss@163.com\",\"id\":3,\"isEnabled\":1,\"lastPassword\":\"\",\"organId\":1,\"organName\":\"青岛市无线电管理\",\"password\":\"7e5481d3495a294be63266e66b4d2c53\",\"phone\":\"11111111111\",\"remark\":\"\",\"updateTime\":1543554553000,\"username\":\"admin\"},\"createUserId\":3,\"dataNum\":0,\"dataQuality\":1,\"expectedPoints\":1024,\"id\":\"0167ee3d1c2b017fac0167ee3d1a0001\",\"isModel\":0,\"isRealTime\":true,\"monitorInterval\":1000,\"overTime\":1545890543192,\"startTime\":1545890243192,\"taskBandwidth\":100000.0,\"taskEndrate\":1.0E9,\"taskName\":\"node2_频谱扫描_12_27\",\"taskStartrate\":8.8E7,\"taskStation\":2,\"taskStatus\":1,\"taskType\":\"SPECTRUM\",\"tenuation\":0,\"write\":false}','2018-12-27 13:57:22',NULL),(281,3,'2','2018-12-27 13:57:22','更新任务状态，任务id:0167ee3d1c2b017fac0167ee3d1a0001，状态:4','2018-12-27 13:57:22',NULL),(282,NULL,'2','2018-12-27 13:57:23','更新任务状态，任务id:0167ee3d1c2b017fac0167ee3d1a0001，状态:2','2018-12-27 13:57:23',NULL),(283,3,'1','2018-12-27 14:00:32','新增任务:{\"antenna\":0,\"averageCount\":0,\"createTime\":1545890432271,\"createUser\":{\"avatar\":\"\",\"createTime\":1543554553000,\"createUserId\":2,\"displayName\":\"管理员\",\"email\":\"sss@163.com\",\"id\":3,\"isEnabled\":1,\"lastPassword\":\"\",\"organId\":1,\"organName\":\"青岛市无线电管理\",\"password\":\"7e5481d3495a294be63266e66b4d2c53\",\"phone\":\"11111111111\",\"remark\":\"\",\"updateTime\":1543554553000,\"username\":\"admin\"},\"createUserId\":3,\"dataNum\":0,\"dataQuality\":1,\"expectedPoints\":1024,\"id\":\"0167ee4004fc017fac0167ee3d1a0002\",\"isModel\":1,\"isRealTime\":true,\"monitorInterval\":1000,\"overTime\":1545890734249,\"startTime\":1545890434249,\"taskBandwidth\":100000.0,\"taskEndrate\":1.0E9,\"taskName\":\"node2_频谱扫描_12_27\",\"taskStartrate\":8.8E7,\"taskStation\":2,\"taskStatus\":1,\"taskType\":\"SPECTRUM\",\"tenuation\":0,\"write\":false}','2018-12-27 14:00:32',NULL),(284,NULL,'2','2018-12-27 14:02:24','更新任务状态，任务id:0167ee3d1c2b017fac0167ee3d1a0001，状态:3','2018-12-27 14:02:24',NULL),(285,3,'1','2018-12-27 16:22:49','新增任务:{\"antenna\":0,\"averageCount\":0,\"createTime\":1545898968626,\"createUser\":{\"avatar\":\"\",\"createTime\":1543554553000,\"createUserId\":2,\"displayName\":\"管理员\",\"email\":\"sss@163.com\",\"id\":3,\"isEnabled\":1,\"lastPassword\":\"\",\"organId\":1,\"organName\":\"青岛市无线电管理\",\"password\":\"7e5481d3495a294be63266e66b4d2c53\",\"phone\":\"11111111111\",\"remark\":\"\",\"updateTime\":1543554553000,\"username\":\"admin\"},\"createUserId\":3,\"dataNum\":0,\"dataQuality\":1,\"expectedPoints\":1024,\"id\":\"0167eec2462f017fdd5767eec2440001\",\"isModel\":0,\"isRealTime\":true,\"monitorInterval\":1000,\"overTime\":1545899270191,\"startTime\":1545898970191,\"taskBandwidth\":100000.0,\"taskEndrate\":1.0E9,\"taskName\":\"node2_频谱扫描_12_27\",\"taskStartrate\":8.8E7,\"taskStation\":2,\"taskStatus\":1,\"taskType\":\"SPECTRUM\",\"tenuation\":0,\"write\":false}','2018-12-27 16:22:49',NULL),(286,3,'2','2018-12-27 16:22:49','更新任务状态，任务id:0167eec2462f017fdd5767eec2440001，状态:4','2018-12-27 16:22:49',NULL),(287,NULL,'2','2018-12-27 16:22:50','更新任务状态，任务id:0167eec2462f017fdd5767eec2440001，状态:2','2018-12-27 16:22:50',NULL),(288,NULL,'2','2018-12-27 16:27:50','更新任务状态，任务id:0167eec2462f017fdd5767eec2440001，状态:3','2018-12-27 16:27:50',NULL),(289,3,'3','2018-12-28 14:05:26','删除任务:0167cf821d0f017f77ec67cf821b0001','2018-12-28 14:05:26',NULL),(290,3,'3','2018-12-28 14:06:11','删除任务:0167cf98677c017f77ec67cf821b0002','2018-12-28 14:06:11',NULL),(291,3,'3','2018-12-28 14:06:19','删除任务:0167cfbf59b7017f77ec67cf821b0003','2018-12-28 14:06:19',NULL),(292,3,'3','2018-12-28 14:06:22','删除任务:0167cfd67ffc017f39da67cfd67e0001','2018-12-28 14:06:22',NULL),(293,3,'3','2018-12-28 14:06:25','删除任务:0167cfddfff0017f39da67cfd67e0002','2018-12-28 14:06:25',NULL),(294,3,'3','2018-12-28 14:06:27','删除任务:0167cfdfb0cb017f39da67cfd67e0003','2018-12-28 14:06:27',NULL),(295,3,'3','2018-12-28 14:06:30','删除任务:0167cfe2acf6017f39da67cfd67e0004','2018-12-28 14:06:30',NULL),(296,3,'3','2018-12-28 14:06:33','删除任务:0167cff3c0a2017fbb5767cff3bf0001','2018-12-28 14:06:33',NULL),(297,3,'3','2018-12-28 14:15:07','删除任务关联的任务数据，任务id:[\"0167d01ac7a9017f7b5f67d01ac60001\"]','2018-12-28 14:15:07',NULL),(298,3,'3','2018-12-28 14:15:07','删除任务，任务id:[\"0167d01ac7a9017f7b5f67d01ac60001\"]','2018-12-28 14:15:07',NULL),(299,3,'3','2018-12-28 14:15:33','删除任务关联的任务数据，任务id:[\"0167ddf59a34017f14cd67ddf5980001\"]','2018-12-28 14:15:33',NULL),(300,3,'3','2018-12-28 14:15:33','删除任务，任务id:[\"0167ddf59a34017f14cd67ddf5980001\"]','2018-12-28 14:15:33',NULL),(301,3,'3','2018-12-28 14:16:46','删除任务关联的任务数据，任务id:[\"0167de15b20d017f14cd67ddf5980002\"]','2018-12-28 14:16:46',NULL),(302,3,'3','2018-12-28 14:16:46','删除任务，任务id:[\"0167de15b20d017f14cd67ddf5980002\"]','2018-12-28 14:16:46',NULL),(303,3,'3','2018-12-28 14:17:48','删除任务关联的任务数据，任务id:[\"0167de2c9620017f2e2567de2c940001\"]','2018-12-28 14:17:48',NULL),(304,3,'3','2018-12-28 14:17:53','删除任务，任务id:[\"0167de2c9620017f2e2567de2c940001\"]','2018-12-28 14:17:53',NULL),(305,3,'1','2018-12-29 14:10:56','新增任务:{\"antenna\":0,\"averageCount\":0,\"createTime\":1546063855997,\"createUser\":{\"avatar\":\"\",\"createTime\":1543554553000,\"createUserId\":2,\"displayName\":\"管理员\",\"email\":\"sss@163.com\",\"id\":3,\"isEnabled\":1,\"lastPassword\":\"\",\"organId\":1,\"organName\":\"青岛市无线电管理\",\"password\":\"7e5481d3495a294be63266e66b4d2c53\",\"phone\":\"11111111111\",\"remark\":\"\",\"updateTime\":1543554553000,\"username\":\"admin\"},\"createUserId\":3,\"dataNum\":0,\"dataQuality\":0,\"expectedPoints\":500,\"id\":\"0167f896417a017f893867f896400001\",\"isModel\":0,\"isRealTime\":true,\"monitorInterval\":1000,\"overTime\":1546063905346,\"startTime\":1546063845346,\"taskBandwidth\":100000.0,\"taskEndrate\":6.0E9,\"taskName\":\"node2_频谱扫描_12_29\",\"taskStartrate\":8.8E7,\"taskStation\":\"node2\",\"taskStatus\":1,\"taskType\":\"SPECTRUM\",\"tenuation\":0,\"write\":false}','2018-12-29 14:10:56',NULL),(306,3,'3','2019-01-10 14:53:22','删除任务关联的任务数据，任务id:[\"01683685fa61017f924e683685f90001\"]','2019-01-10 14:53:22',NULL),(307,3,'3','2019-01-10 14:53:28','删除任务关联的任务数据，任务id:[\"0168367f0638017ffd5768367ab90002\"]','2019-01-10 14:53:28',NULL),(308,3,'3','2019-01-10 14:53:31','删除任务关联的任务数据，任务id:[\"0168367aba9f017ffd5768367ab90001\"]','2019-01-10 14:53:31',NULL),(309,3,'3','2019-01-10 14:53:33','删除任务关联的任务数据，任务id:[\"0168367798df017f3afd683677760002\"]','2019-01-10 14:53:33',NULL),(310,3,'3','2019-01-10 14:53:37','删除任务关联的任务数据，任务id:[\"0168366ed93e017f13926836455e0004\"]','2019-01-10 14:53:37',NULL),(311,3,'3','2019-01-10 14:53:40','删除任务关联的任务数据，任务id:[\"0168364a8f4a017f13926836455e0003\"]','2019-01-10 14:53:40',NULL),(312,3,'3','2019-01-10 14:53:43','删除任务关联的任务数据，任务id:[\"016836487273017f13926836455e0002\"]','2019-01-10 14:53:43',NULL),(313,3,'3','2019-01-10 14:53:46','删除任务关联的任务数据，任务id:[\"01683645603e017f13926836455e0001\"]','2019-01-10 14:53:46',NULL),(314,3,'3','2019-01-10 15:47:56','删除任务关联的任务数据，任务id:[\"016836b825c4017f3d9b6836900e0005\"]','2019-01-10 15:47:56',NULL),(315,3,'3','2019-01-10 15:47:59','删除任务关联的任务数据，任务id:[\"016836b5adb5017f3d9b6836900e0004\"]','2019-01-10 15:47:59',NULL),(316,3,'3','2019-01-10 15:48:02','删除任务关联的任务数据，任务id:[\"016836b3cda7017f3d9b6836900e0003\"]','2019-01-10 15:48:02',NULL),(317,3,'3','2019-01-10 15:48:05','删除任务关联的任务数据，任务id:[\"016836920787017f3d9b6836900e0002\"]','2019-01-10 15:48:05',NULL),(318,3,'3','2019-01-10 15:48:08','删除任务关联的任务数据，任务id:[\"016836901022017f3d9b6836900e0001\"]','2019-01-10 15:48:08',NULL),(319,3,'3','2019-01-11 09:54:29','删除任务关联的任务数据，任务id:[\"01683a9b18ad017fdea3683a8a560002\"]','2019-01-11 09:54:29',NULL),(320,3,'3','2019-01-11 09:54:32','删除任务关联的任务数据，任务id:[\"01683a8a57fe017fdea3683a8a560001\"]','2019-01-11 09:54:32',NULL),(321,3,'3','2019-01-11 09:54:36','删除任务关联的任务数据，任务id:[\"016836cf729d017fd8956836cc720002\"]','2019-01-11 09:54:36',NULL),(322,3,'3','2019-01-11 09:54:38','删除任务关联的任务数据，任务id:[\"016836cc737e017fd8956836cc720001\"]','2019-01-11 09:54:38',NULL),(323,3,'3','2019-01-11 09:54:41','删除任务关联的任务数据，任务id:[\"016836c82648017ffb406836bf7c0004\"]','2019-01-11 09:54:41',NULL),(324,3,'3','2019-01-11 09:54:44','删除任务关联的任务数据，任务id:[\"016836c47f07017ffb406836bf7c0003\"]','2019-01-11 09:54:44',NULL),(325,3,'3','2019-01-11 09:54:46','删除任务关联的任务数据，任务id:[\"016836c1554f017ffb406836bf7c0002\"]','2019-01-11 09:54:46',NULL),(326,3,'3','2019-01-11 09:54:49','删除任务关联的任务数据，任务id:[\"016836bf7fe2017ffb406836bf7c0001\"]','2019-01-11 09:54:49',NULL),(327,3,'3','2019-01-11 09:54:55','删除任务关联的任务数据，任务id:[\"0167ed2d6f99017f358467ed2d6d0001\"]','2019-01-11 09:54:55',NULL),(328,3,'3','2019-01-11 09:54:59','删除任务关联的任务数据，任务id:[\"0167ed2a5e20017f42b067ed2a5c0001\"]','2019-01-11 09:54:59',NULL),(329,3,'3','2019-01-11 09:55:02','删除任务关联的任务数据，任务id:[\"0167ed25bbc2017ff63967ed25ba0001\"]','2019-01-11 09:55:02',NULL),(330,3,'3','2019-01-11 09:55:05','删除任务关联的任务数据，任务id:[\"0167ed239c8d017ff35867ed18ae0002\"]','2019-01-11 09:55:05',NULL),(331,3,'3','2019-01-11 09:55:07','删除任务关联的任务数据，任务id:[\"0167ed18af9d017ff35867ed18ae0001\"]','2019-01-11 09:55:07',NULL),(332,3,'3','2019-01-11 09:55:10','删除任务关联的任务数据，任务id:[\"0167e9d802340180d1d867e9d8000001\"]','2019-01-11 09:55:10',NULL),(333,3,'3','2019-01-11 09:55:13','删除任务关联的任务数据，任务id:[\"0167e9d529410180d66067e9d0440002\"]','2019-01-11 09:55:13',NULL),(334,3,'3','2019-01-11 09:55:16','删除任务关联的任务数据，任务id:[\"0167e9d046120180d66067e9d0440001\"]','2019-01-11 09:55:16',NULL),(335,3,'3','2019-01-11 09:55:19','删除任务关联的任务数据，任务id:[\"0167e9ce49040180dfe567e9ce470001\"]','2019-01-11 09:55:19',NULL),(336,3,'3','2019-01-11 09:55:23','删除任务关联的任务数据，任务id:[\"0167e9bf3019018039bb67e9b2f20002\"]','2019-01-11 09:55:23',NULL),(337,3,'3','2019-01-11 09:55:25','删除任务关联的任务数据，任务id:[\"0167e9b2f41c018039bb67e9b2f20001\"]','2019-01-11 09:55:25',NULL),(338,3,'3','2019-01-11 16:23:57','删除任务关联的任务数据，任务id:[\"01683bb71ce9017fdea3683a8a560008\"]','2019-01-11 16:23:57',NULL),(339,3,'3','2019-01-11 16:24:03','删除任务关联的任务数据，任务id:[\"01683ae41eae017fdea3683a8a560007\"]','2019-01-11 16:24:03',NULL),(340,3,'1','2019-01-11 16:59:04','{\"id\":\"\",\"dictCode\":\"audioList\",\"dictName\":\"调制列表\",\"dictValue\":\"audioList\",\"sort\":\"2\",\"parentId\":\"1\"}','2019-01-11 16:59:04',NULL),(341,3,'3','2019-01-15 11:14:29','删除任务关联的任务数据，任务id:[\"01684f6abaa70180ed79684f4d2d0003\"]','2019-01-15 11:14:29',NULL),(342,3,'3','2019-01-15 11:14:38','删除任务关联的任务数据，任务id:[\"01684f527dc20180ed79684f4d2d0002\"]','2019-01-15 11:14:38',NULL),(343,NULL,'adminLog','2019-01-15 13:58:38',NULL,NULL,NULL),(344,3,'3','2019-01-16 11:02:18','删除任务关联的任务数据，任务id:[\"01683ab50c05017fdea3683a8a560005\"]','2019-01-16 11:02:18',NULL),(345,3,'3','2019-01-16 11:02:27','删除任务关联的任务数据，任务id:[\"01683ab2a664017fdea3683a8a560004\"]','2019-01-16 11:02:27',NULL),(346,3,'3','2019-01-16 11:02:32','删除任务关联的任务数据，任务id:[\"01683ab085ac017fdea3683a8a560003\"]','2019-01-16 11:02:32',NULL),(347,3,'3','2019-01-16 11:16:44','删除任务关联的任务数据，任务id:[\"01684f3ee05901808569684f3bcd0003\"]','2019-01-16 11:16:44',NULL),(348,3,'3','2019-01-16 11:16:47','删除任务关联的任务数据，任务id:[\"01684f45aeb601808569684f3bcd0004\"]','2019-01-16 11:16:47',NULL),(349,3,'3','2019-01-16 11:16:50','删除任务关联的任务数据，任务id:[\"01684f3c8a5e01808569684f3bcd0002\"]','2019-01-16 11:16:50',NULL),(350,3,'3','2019-01-16 11:16:54','删除任务关联的任务数据，任务id:[\"01684f365bf70180fbd8684f36560001\"]','2019-01-16 11:16:54',NULL),(351,3,'3','2019-01-16 11:16:57','删除任务关联的任务数据，任务id:[\"01684ff991ac0180ed79684f4d2d0004\"]','2019-01-16 11:16:57',NULL),(352,3,'3','2019-01-16 16:01:03','删除任务关联的任务数据，任务id:[\"undefined\"]','2019-01-16 16:01:03',NULL),(353,3,'3','2019-02-11 16:26:03','删除任务关联的任务数据，任务id:[\"0168a2e6ef0e018286bc68a2e6ed0001\"]','2019-02-11 16:26:03',NULL),(354,3,'3','2019-02-11 16:26:09','删除任务关联的任务数据，任务id:[\"0168a77c814701829a7f68a6fecf0003\"]','2019-02-11 16:26:09',NULL),(355,3,'3','2019-02-11 16:26:12','删除任务关联的任务数据，任务id:[\"0168a716048101829a7f68a6fecf0002\"]','2019-02-11 16:26:12',NULL),(356,3,'3','2019-02-11 16:26:15','删除任务关联的任务数据，任务id:[\"0168a6fed25f01829a7f68a6fecf0001\"]','2019-02-11 16:26:15',NULL),(357,3,'3','2019-02-11 16:26:19','删除任务关联的任务数据，任务id:[\"0168a6f333b50182b61f68a6e8940003\"]','2019-02-11 16:26:19',NULL),(358,3,'3','2019-02-11 16:26:22','删除任务关联的任务数据，任务id:[\"0168a6f1cbd80182b61f68a6e8940002\"]','2019-02-11 16:26:22',NULL),(359,3,'3','2019-02-11 16:26:26','删除任务关联的任务数据，任务id:[\"0168a6e896520182b61f68a6e8940001\"]','2019-02-11 16:26:26',NULL),(360,3,'3','2019-02-11 16:26:29','删除任务关联的任务数据，任务id:[\"0168a2f6b5c30182d9a268a2f52f0003\"]','2019-02-11 16:26:29',NULL),(361,3,'3','2019-02-11 16:26:32','删除任务关联的任务数据，任务id:[\"0168a2f623540182d9a268a2f52f0002\"]','2019-02-11 16:26:32',NULL),(362,3,'3','2019-02-11 16:26:35','删除任务关联的任务数据，任务id:[\"0168a2f530d30182d9a268a2f52f0001\"]','2019-02-11 16:26:35',NULL),(363,3,'3','2019-02-11 16:26:38','删除任务关联的任务数据，任务id:[\"0168a2ef705f018286bc68a2e6ed0003\"]','2019-02-11 16:26:38',NULL),(364,3,'3','2019-02-11 16:26:41','删除任务关联的任务数据，任务id:[\"0168a2ee25a9018286bc68a2e6ed0002\"]','2019-02-11 16:26:41',NULL),(365,NULL,'adminLog','2019-02-13 08:33:35',' 对 数据库：leas 进行了数据库备份操作',NULL,'D:\\emv\\file\\sql\\2019-02-13-08-33-29leas.sql'),(366,NULL,'adminLog','2019-02-13 16:40:22',' 对 数据库：emv 进行了数据库备份操作',NULL,'D:\\emv\\file\\sql\\2019-02-13-16-40-15emv.sql'),(367,NULL,'adminLog','2019-02-18 23:00:02',' 对 数据库：leas 进行了数据库备份操作',NULL,'D:\\emv\\file\\sql\\2019-02-18-22-59-52leas.sql'),(368,3,'3','2019-03-14 15:10:48','删除任务关联的任务数据，任务id:[\"01697b06020a01827346697b06000001\"]','2019-03-14 15:10:48',NULL),(369,3,'3','2019-03-14 15:10:52','删除任务关联的任务数据，任务id:[\"01697b00db070182ee8b697aeb580005\"]','2019-03-14 15:10:52',NULL),(370,3,'3','2019-03-14 15:10:56','删除任务关联的任务数据，任务id:[\"01697afd9a1e0182ee8b697aeb580004\"]','2019-03-14 15:10:56',NULL),(371,3,'3','2019-03-14 16:50:16','删除任务关联的任务数据，任务id:[\"01697b63082b0182efc5697b63060001\"]','2019-03-14 16:50:16',NULL),(372,3,'3','2019-03-20 09:17:46','删除任务关联的任务数据，任务id:[\"01699516ab010182242c699516a80001\"]','2019-03-20 09:17:46',NULL),(373,3,'3','2019-03-20 09:18:10','删除任务关联的任务数据，任务id:[\"0169950b96e3018206d669950b940001\"]','2019-03-20 09:18:10',NULL),(374,3,'3','2019-03-27 09:34:06','删除任务关联的任务数据，任务id:[\"undefined\"]','2019-03-27 09:34:06',NULL),(375,3,'3','2019-03-27 09:38:25','删除任务关联的任务数据，任务id:[\"undefined\"]','2019-03-27 09:38:25',NULL),(376,3,'3','2019-03-27 09:39:02','删除任务关联的任务数据，任务id:[\"undefined\"]','2019-03-27 09:39:02',NULL),(377,NULL,'adminLog','2019-04-10 08:37:43',' 对 数据库：leas 进行了数据库备份操作',NULL,'D:\\emv\\file\\sql\\2019-04-10-08-37-37leas.sql'),(378,3,'1','2019-04-10 09:53:03','{\"id\":\"\",\"password\":\"admin123\",\"username\":\"ptyh\",\"displayName\":\"普通用户\",\"organName\":\"李沧区无线电管理\",\"organId\":\"2\",\"isEnabled\":1,\"isEnableType\":\"\",\"email\":\"1111@qq.com\",\"phone\":\"11111111111\"}','2019-04-10 09:53:03',NULL),(379,3,'3','2019-04-12 09:49:54','删除任务关联的任务数据，任务id:[\"016a0a6a239c0178f2f36a0a6a220001\"]','2019-04-12 09:49:54',NULL),(380,3,'3','2019-04-12 09:50:23','删除任务关联的任务数据，任务id:[\"016a05989d3401787fb36a05989a0001\"]','2019-04-12 09:50:23',NULL),(381,3,'3','2019-04-12 09:50:43','删除任务关联的任务数据，任务id:[\"016a0592ffdb017878236a0586740003\"]','2019-04-12 09:50:43',NULL),(382,3,'3','2019-04-12 09:50:58','删除任务关联的任务数据，任务id:[\"016a058b7b63017878236a0586740002\"]','2019-04-12 09:50:58',NULL),(383,3,'3','2019-04-12 09:51:12','删除任务关联的任务数据，任务id:[\"016a0586761b017878236a0586740001\"]','2019-04-12 09:51:12',NULL),(384,3,'3','2019-04-12 09:51:25','删除任务关联的任务数据，任务id:[\"016a054c49890178e5156a054c470001\"]','2019-04-12 09:51:25',NULL),(385,3,'3','2019-04-12 09:51:41','删除任务关联的任务数据，任务id:[\"0169fc3f49440178200869fc3f470001\"]','2019-04-12 09:51:41',NULL),(386,3,'3','2019-04-12 09:51:54','删除任务关联的任务数据，任务id:[\"0169bdcc922f01805ae369bdcc900001\"]','2019-04-12 09:51:54',NULL),(387,3,'3','2019-04-12 09:52:07','删除任务关联的任务数据，任务id:[\"0169b7b4cc0901808f4d69b7ac2a0003\"]','2019-04-12 09:52:07',NULL),(388,3,'3','2019-04-12 09:52:21','删除任务关联的任务数据，任务id:[\"0169b7ac2b6c01808f4d69b7ac2a0001\"]','2019-04-12 09:52:21',NULL),(389,3,'3','2019-04-12 09:53:25','删除任务关联的任务数据，任务id:[\"01699a2c50f5017f4fe8699a02590007\"]','2019-04-12 09:53:25',NULL),(390,3,'3','2019-04-12 09:53:40','删除任务关联的任务数据，任务id:[\"01699a26d44b017f4fe8699a02590006\"]','2019-04-12 09:53:40',NULL),(391,3,'3','2019-04-12 09:53:53','删除任务关联的任务数据，任务id:[\"01699a209f00017f4fe8699a02590005\"]','2019-04-12 09:53:53',NULL),(392,3,'3','2019-04-12 09:54:05','删除任务关联的任务数据，任务id:[\"01699a1b4860017f4fe8699a02590004\"]','2019-04-12 09:54:05',NULL),(393,3,'3','2019-04-12 09:54:17','删除任务关联的任务数据，任务id:[\"01699a153836017f4fe8699a02590003\"]','2019-04-12 09:54:17',NULL),(394,3,'3','2019-04-12 09:54:30','删除任务关联的任务数据，任务id:[\"01699a0d771c017f4fe8699a02590002\"]','2019-04-12 09:54:30',NULL),(395,3,'3','2019-04-12 09:54:42','删除任务关联的任务数据，任务id:[\"01699a025b66017f4fe8699a02590001\"]','2019-04-12 09:54:42',NULL),(396,3,'3','2019-04-12 09:54:54','删除任务关联的任务数据，任务id:[\"016999e74fcc017f444a6999e74d0001\"]','2019-04-12 09:54:54',NULL),(397,3,'3','2019-04-12 09:56:07','删除任务关联的任务数据，任务id:[\"0169950b96e3018206d669950b940001\"]','2019-04-12 09:56:07',NULL),(398,3,'3','2019-04-12 09:57:25','删除任务关联的任务数据，任务id:[\"0169951182f201820788699511800001\"]','2019-04-12 09:57:25',NULL),(399,3,'3','2019-04-12 09:57:51','删除任务关联的任务数据，任务id:[\"01699516ab010182242c699516a80001\"]','2019-04-12 09:57:51',NULL),(400,3,'3','2019-04-12 09:58:05','删除任务关联的任务数据，任务id:[\"01697b06020a01827346697b06000001\"]','2019-04-12 09:58:05',NULL),(401,3,'3','2019-04-12 09:58:33','删除任务关联的任务数据，任务id:[\"01697b63082b0182efc5697b63060001\"]','2019-04-12 09:58:33',NULL),(402,3,'3','2019-04-12 09:58:45','删除任务关联的任务数据，任务id:[\"01697b00db070182ee8b697aeb580005\"]','2019-04-12 09:58:45',NULL),(403,3,'3','2019-04-12 09:59:12','删除任务关联的任务数据，任务id:[\"01697afd9a1e0182ee8b697aeb580004\"]','2019-04-12 09:59:12',NULL),(404,3,'3','2019-04-12 09:59:26','删除任务关联的任务数据，任务id:[\"01697aef90f20182ee8b697aeb580002\"]','2019-04-12 09:59:26',NULL),(405,3,'3','2019-04-12 09:59:46','删除任务关联的任务数据，任务id:[\"0167cf821d0f017f77ec67cf821b0001\"]','2019-04-12 09:59:46',NULL),(406,3,'3','2019-04-12 09:59:57','删除任务关联的任务数据，任务id:[\"0167cf98677c017f77ec67cf821b0002\"]','2019-04-12 09:59:57',NULL),(407,3,'3','2019-04-12 10:00:15','删除任务关联的任务数据，任务id:[\"0167cfbf59b7017f77ec67cf821b0003\"]','2019-04-12 10:00:15',NULL),(408,3,'3','2019-04-12 10:00:27','删除任务关联的任务数据，任务id:[\"0167cfd67ffc017f39da67cfd67e0001\"]','2019-04-12 10:00:27',NULL),(409,3,'3','2019-04-12 10:00:38','删除任务关联的任务数据，任务id:[\"0167cfddfff0017f39da67cfd67e0002\"]','2019-04-12 10:00:38',NULL),(410,3,'3','2019-04-12 10:00:50','删除任务关联的任务数据，任务id:[\"0167cfdfb0cb017f39da67cfd67e0003\"]','2019-04-12 10:00:50',NULL),(411,3,'3','2019-04-12 10:01:02','删除任务关联的任务数据，任务id:[\"0167cfe2acf6017f39da67cfd67e0004\"]','2019-04-12 10:01:02',NULL),(412,3,'3','2019-04-12 10:01:13','删除任务关联的任务数据，任务id:[\"0167cff3c0a2017fbb5767cff3bf0001\"]','2019-04-12 10:01:13',NULL),(413,3,'3','2019-04-12 10:01:25','删除任务关联的任务数据，任务id:[\"0167d01ac7a9017f7b5f67d01ac60001\"]','2019-04-12 10:01:25',NULL),(414,3,'3','2019-04-12 10:01:36','删除任务关联的任务数据，任务id:[\"0167d01db7b4017f7b5f67d01ac60002\"]','2019-04-12 10:01:36',NULL),(415,3,'3','2019-04-12 10:01:46','删除任务关联的任务数据，任务id:[\"0167d0258dec017f7b5f67d01ac60003\"]','2019-04-12 10:01:46',NULL),(416,3,'3','2019-04-12 10:01:58','删除任务关联的任务数据，任务id:[\"0167d028df4e017f7b5f67d01ac60004\"]','2019-04-12 10:01:58',NULL),(417,3,'3','2019-04-12 10:02:08','删除任务关联的任务数据，任务id:[\"0167d03d1524017f01b467d03d130001\"]','2019-04-12 10:02:08',NULL),(418,3,'3','2019-04-12 10:02:19','删除任务关联的任务数据，任务id:[\"0167d0428e49017f01b467d03d130002\"]','2019-04-12 10:02:19',NULL),(419,3,'3','2019-04-12 10:02:29','删除任务关联的任务数据，任务id:[\"0167ddf59a34017f14cd67ddf5980001\"]','2019-04-12 10:02:29',NULL),(420,3,'3','2019-04-12 10:02:40','删除任务关联的任务数据，任务id:[\"0167de15b20d017f14cd67ddf5980002\"]','2019-04-12 10:02:40',NULL),(421,3,'3','2019-04-12 10:02:50','删除任务关联的任务数据，任务id:[\"0167de2c9620017f2e2567de2c940001\"]','2019-04-12 10:02:50',NULL),(422,3,'3','2019-04-12 10:03:18','删除任务关联的任务数据，任务id:[\"0167de314111017ff50f67de313e0001\"]','2019-04-12 10:03:18',NULL),(423,3,'3','2019-04-12 10:03:29','删除任务关联的任务数据，任务id:[\"0167de381de1017ff50f67de313e0002\"]','2019-04-12 10:03:29',NULL),(424,3,'3','2019-04-12 10:06:52','删除任务关联的任务数据，任务id:[\"0167de3a70ad017ff50f67de313e0003\"]','2019-04-12 10:06:52',NULL),(425,3,'3','2019-04-12 10:07:03','删除任务关联的任务数据，任务id:[\"0167de3cc4d3017ff50f67de313e0004\"]','2019-04-12 10:07:03',NULL),(426,3,'3','2019-04-12 10:07:13','删除任务关联的任务数据，任务id:[\"0167dee2aea6017ff50f67de313e0005\"]','2019-04-12 10:07:13',NULL),(427,3,'3','2019-04-12 10:07:22','删除任务关联的任务数据，任务id:[\"0167dee615c9017ff50f67de313e0007\"]','2019-04-12 10:07:22',NULL),(428,3,'3','2019-04-12 10:07:33','删除任务关联的任务数据，任务id:[\"0167deec6865017ff50f67de313e0009\"]','2019-04-12 10:07:33',NULL),(429,3,'3','2019-04-12 10:07:45','删除任务关联的任务数据，任务id:[\"0167dee478db017ff50f67de313e0006\"]','2019-04-12 10:07:45',NULL),(430,3,'3','2019-04-12 10:07:57','删除任务关联的任务数据，任务id:[\"0167dee478db017ff50f67de313e0006\"]','2019-04-12 10:07:57',NULL),(431,3,'3','2019-04-12 10:08:05','删除任务关联的任务数据，任务id:[\"0167deebe19d017ff50f67de313e0008\"]','2019-04-12 10:08:05',NULL),(432,3,'3','2019-04-12 10:08:14','删除任务关联的任务数据，任务id:[\"0167e99699780180620c67e995ea0002\"]','2019-04-12 10:08:14',NULL),(433,3,'3','2019-04-12 10:08:21','删除任务关联的任务数据，任务id:[\"0167e9adcdab01808a9e67e9a70d0002\"]','2019-04-12 10:08:21',NULL),(434,3,'3','2019-04-12 10:08:30','删除任务关联的任务数据，任务id:[\"0167e9aeeebf01808a9e67e9a70d0003\"]','2019-04-12 10:08:30',NULL),(435,3,'3','2019-04-12 10:08:38','删除任务关联的任务数据，任务id:[\"0167e99a9f700180620c67e995ea0005\"]','2019-04-12 10:08:38',NULL),(436,3,'3','2019-04-12 10:21:29','删除任务关联的任务数据，任务id:[\"0167e9a70ede01808a9e67e9a70d0001\"]','2019-04-12 10:21:29',NULL),(437,3,'3','2019-04-12 10:21:36','删除任务关联的任务数据，任务id:[\"0167e99989450180620c67e995ea0004\"]','2019-04-12 10:21:36',NULL),(438,3,'3','2019-04-12 10:26:42','删除任务关联的任务数据，任务id:[\"0167e9b2f41c018039bb67e9b2f20001\"]','2019-04-12 10:26:42',NULL),(439,3,'3','2019-04-12 10:26:52','删除任务关联的任务数据，任务id:[\"0167e9bf3019018039bb67e9b2f20002\"]','2019-04-12 10:26:52',NULL),(440,3,'3','2019-04-12 10:26:59','删除任务关联的任务数据，任务id:[\"0167e9ce49040180dfe567e9ce470001\"]','2019-04-12 10:26:59',NULL),(441,3,'3','2019-04-12 10:27:08','删除任务关联的任务数据，任务id:[\"0167e9d046120180d66067e9d0440001\"]','2019-04-12 10:27:08',NULL),(442,3,'3','2019-04-12 10:27:16','删除任务关联的任务数据，任务id:[\"0167e9d529410180d66067e9d0440002\"]','2019-04-12 10:27:16',NULL),(443,3,'3','2019-04-12 10:27:25','删除任务关联的任务数据，任务id:[\"0167e9d802340180d1d867e9d8000001\"]','2019-04-12 10:27:25',NULL),(444,3,'3','2019-04-12 10:27:33','删除任务关联的任务数据，任务id:[\"0167ed18af9d017ff35867ed18ae0001\"]','2019-04-12 10:27:33',NULL),(445,3,'3','2019-04-12 10:27:41','删除任务关联的任务数据，任务id:[\"0167ed239c8d017ff35867ed18ae0002\"]','2019-04-12 10:27:41',NULL),(446,3,'3','2019-04-12 10:27:50','删除任务关联的任务数据，任务id:[\"0167ed2a5e20017f42b067ed2a5c0001\"]','2019-04-12 10:27:50',NULL),(447,3,'3','2019-04-12 10:27:58','删除任务关联的任务数据，任务id:[\"0167ed2d6f99017f358467ed2d6d0001\"]','2019-04-12 10:27:58',NULL),(448,3,'3','2019-04-12 10:28:07','删除任务关联的任务数据，任务id:[\"0167ed3b3495017f437967ed2f7d0002\"]','2019-04-12 10:28:07',NULL),(449,3,'3','2019-04-12 10:28:41','删除任务关联的任务数据，任务id:[\"0167ed25bbc2017ff63967ed25ba0001\"]','2019-04-12 10:28:41',NULL),(450,3,'3','2019-04-12 10:29:05','删除任务关联的任务数据，任务id:[\"0167ee3d1c2b017fac0167ee3d1a0001\"]','2019-04-12 10:29:05',NULL),(451,3,'3','2019-04-12 10:29:23','删除任务关联的任务数据，任务id:[\"0167eec2462f017fdd5767eec2440001\"]','2019-04-12 10:29:23',NULL),(452,3,'3','2019-04-12 10:29:42','删除任务关联的任务数据，任务id:[\"016836c1554f017ffb406836bf7c0002\"]','2019-04-12 10:29:42',NULL),(453,3,'3','2019-04-12 10:29:51','删除任务关联的任务数据，任务id:[\"016836bf7fe2017ffb406836bf7c0001\"]','2019-04-12 10:29:51',NULL),(454,3,'3','2019-04-12 10:29:59','删除任务关联的任务数据，任务id:[\"016836b825c4017f3d9b6836900e0005\"]','2019-04-12 10:29:59',NULL),(455,3,'3','2019-04-12 10:30:08','删除任务关联的任务数据，任务id:[\"016836b3cda7017f3d9b6836900e0003\"]','2019-04-12 10:30:08',NULL),(456,3,'3','2019-04-12 10:30:15','删除任务关联的任务数据，任务id:[\"016836901022017f3d9b6836900e0001\"]','2019-04-12 10:30:15',NULL),(457,3,'3','2019-04-12 10:30:23','删除任务关联的任务数据，任务id:[\"01683685fa61017f924e683685f90001\"]','2019-04-12 10:30:23',NULL),(458,3,'3','2019-04-12 10:30:32','删除任务关联的任务数据，任务id:[\"0168367f0638017ffd5768367ab90002\"]','2019-04-12 10:30:32',NULL),(459,3,'3','2019-04-12 10:30:40','删除任务关联的任务数据，任务id:[\"0168367798df017f3afd683677760002\"]','2019-04-12 10:30:40',NULL),(460,3,'3','2019-04-12 10:30:48','删除任务关联的任务数据，任务id:[\"0168366ed93e017f13926836455e0004\"]','2019-04-12 10:30:48',NULL),(461,3,'3','2019-04-12 10:30:55','删除任务关联的任务数据，任务id:[\"0168364a8f4a017f13926836455e0003\"]','2019-04-12 10:30:55',NULL),(462,3,'3','2019-04-12 10:31:29','删除任务关联的任务数据，任务id:[\"016836b5adb5017f3d9b6836900e0004\"]','2019-04-12 10:31:29',NULL),(463,3,'3','2019-04-12 10:31:37','删除任务关联的任务数据，任务id:[\"016836920787017f3d9b6836900e0002\"]','2019-04-12 10:31:37',NULL),(464,3,'3','2019-04-12 10:31:44','删除任务关联的任务数据，任务id:[\"0168367aba9f017ffd5768367ab90001\"]','2019-04-12 10:31:44',NULL),(465,3,'3','2019-04-12 10:31:57','删除任务关联的任务数据，任务id:[\"016836487273017f13926836455e0002\"]','2019-04-12 10:31:57',NULL),(466,3,'3','2019-04-12 10:32:06','删除任务关联的任务数据，任务id:[\"01683645603e017f13926836455e0001\"]','2019-04-12 10:32:06',NULL),(467,3,'3','2019-04-12 10:32:21','删除任务关联的任务数据，任务id:[\"016836c47f07017ffb406836bf7c0003\"]','2019-04-12 10:32:21',NULL),(468,3,'3','2019-04-12 10:32:29','删除任务关联的任务数据，任务id:[\"016836c82648017ffb406836bf7c0004\"]','2019-04-12 10:32:29',NULL),(469,3,'3','2019-04-12 10:32:37','删除任务关联的任务数据，任务id:[\"016836cc737e017fd8956836cc720001\"]','2019-04-12 10:32:37',NULL),(470,3,'3','2019-04-12 10:32:45','删除任务关联的任务数据，任务id:[\"016836cf729d017fd8956836cc720002\"]','2019-04-12 10:32:45',NULL),(471,3,'3','2019-04-12 10:32:53','删除任务关联的任务数据，任务id:[\"01683a8a57fe017fdea3683a8a560001\"]','2019-04-12 10:32:53',NULL),(472,3,'3','2019-04-12 10:33:02','删除任务关联的任务数据，任务id:[\"01683a9b18ad017fdea3683a8a560002\"]','2019-04-12 10:33:02',NULL),(473,3,'3','2019-04-12 10:33:09','删除任务关联的任务数据，任务id:[\"01683ab085ac017fdea3683a8a560003\"]','2019-04-12 10:33:09',NULL),(474,3,'3','2019-04-12 10:33:17','删除任务关联的任务数据，任务id:[\"01683ab2a664017fdea3683a8a560004\"]','2019-04-12 10:33:17',NULL),(475,3,'3','2019-04-12 10:33:25','删除任务关联的任务数据，任务id:[\"01683ab50c05017fdea3683a8a560005\"]','2019-04-12 10:33:25',NULL),(476,3,'3','2019-04-12 10:33:33','删除任务关联的任务数据，任务id:[\"01684f3c8a5e01808569684f3bcd0002\"]','2019-04-12 10:33:33',NULL),(477,3,'3','2019-04-12 10:33:40','删除任务关联的任务数据，任务id:[\"01684f3c8a5e01808569684f3bcd0002\"]','2019-04-12 10:33:40',NULL),(478,3,'3','2019-04-12 10:34:03','删除任务关联的任务数据，任务id:[\"01684f365bf70180fbd8684f36560001\"]','2019-04-12 10:34:03',NULL),(479,3,'3','2019-04-12 10:34:11','删除任务关联的任务数据，任务id:[\"01683bb71ce9017fdea3683a8a560008\"]','2019-04-12 10:34:11',NULL),(480,3,'3','2019-04-12 10:34:21','删除任务关联的任务数据，任务id:[\"01683ae41eae017fdea3683a8a560007\"]','2019-04-12 10:34:21',NULL),(481,3,'3','2019-04-12 10:36:03','删除任务关联的任务数据，任务id:[\"0168a6e896520182b61f68a6e8940001\"]','2019-04-12 10:36:03',NULL),(482,3,'3','2019-04-12 10:36:12','删除任务关联的任务数据，任务id:[\"0168a2f6b5c30182d9a268a2f52f0003\"]','2019-04-12 10:36:12',NULL),(483,3,'3','2019-04-12 10:36:20','删除任务关联的任务数据，任务id:[\"0168a2f623540182d9a268a2f52f0002\"]','2019-04-12 10:36:20',NULL),(484,3,'3','2019-04-12 10:36:27','删除任务关联的任务数据，任务id:[\"0168a2ef705f018286bc68a2e6ed0003\"]','2019-04-12 10:36:27',NULL),(485,3,'3','2019-04-12 10:36:35','删除任务关联的任务数据，任务id:[\"0168a2ee25a9018286bc68a2e6ed0002\"]','2019-04-12 10:36:35',NULL),(486,3,'3','2019-04-12 10:36:43','删除任务关联的任务数据，任务id:[\"0168a2e6ef0e018286bc68a2e6ed0001\"]','2019-04-12 10:36:43',NULL),(487,3,'3','2019-04-12 10:36:56','删除任务关联的任务数据，任务id:[\"01684f45aeb601808569684f3bcd0004\"]','2019-04-12 10:36:56',NULL),(488,3,'3','2019-04-12 10:37:04','删除任务关联的任务数据，任务id:[\"01684f3ee05901808569684f3bcd0003\"]','2019-04-12 10:37:04',NULL),(489,3,'3','2019-04-12 10:37:15','删除任务关联的任务数据，任务id:[\"01684f527dc20180ed79684f4d2d0002\"]','2019-04-12 10:37:15',NULL),(490,3,'3','2019-04-12 10:37:27','删除任务关联的任务数据，任务id:[\"01684f6abaa70180ed79684f4d2d0003\"]','2019-04-12 10:37:27',NULL),(491,3,'3','2019-04-12 10:37:36','删除任务关联的任务数据，任务id:[\"01684ff991ac0180ed79684f4d2d0004\"]','2019-04-12 10:37:36',NULL),(492,3,'3','2019-04-12 10:37:48','删除任务关联的任务数据，任务id:[\"0168a2f530d30182d9a268a2f52f0001\"]','2019-04-12 10:37:48',NULL),(493,3,'3','2019-04-12 10:38:06','删除任务关联的任务数据，任务id:[\"0168a6f1cbd80182b61f68a6e8940002\"]','2019-04-12 10:38:06',NULL),(494,3,'3','2019-04-12 10:38:15','删除任务关联的任务数据，任务id:[\"0168a6f333b50182b61f68a6e8940003\"]','2019-04-12 10:38:15',NULL),(495,3,'3','2019-04-12 10:38:23','删除任务关联的任务数据，任务id:[\"0168a6fed25f01829a7f68a6fecf0001\"]','2019-04-12 10:38:23',NULL),(496,3,'3','2019-04-12 10:38:30','删除任务关联的任务数据，任务id:[\"0168a716048101829a7f68a6fecf0002\"]','2019-04-12 10:38:30',NULL),(497,3,'3','2019-04-12 10:38:38','删除任务关联的任务数据，任务id:[\"0168dbb74261017f073468dba75f0003\"]','2019-04-12 10:38:38',NULL),(498,3,'3','2019-04-12 10:38:47','删除任务关联的任务数据，任务id:[\"0168dbad8e68017f073468dba75f0002\"]','2019-04-12 10:38:47',NULL),(499,3,'3','2019-04-12 10:38:54','删除任务关联的任务数据，任务id:[\"0168dba761e5017f073468dba75f0001\"]','2019-04-12 10:38:54',NULL),(500,3,'3','2019-04-12 10:39:04','删除任务关联的任务数据，任务id:[\"0168a77c814701829a7f68a6fecf0003\"]','2019-04-12 10:39:04',NULL),(501,3,'3','2019-04-12 10:39:13','删除任务关联的任务数据，任务id:[\"0168dba761e5017f073468dba75f0001\"]','2019-04-12 10:39:13',NULL),(502,3,'3','2019-04-12 10:39:21','删除任务关联的任务数据，任务id:[\"0168a77c814701829a7f68a6fecf0003\"]','2019-04-12 10:39:21',NULL),(503,3,'3','2019-04-12 10:39:36','删除任务关联的任务数据，任务id:[\"0169049171380180603d690489570003\"]','2019-04-12 10:39:36',NULL),(504,3,'3','2019-04-12 10:39:44','删除任务关联的任务数据，任务id:[\"0169048f577f0180603d690489570002\"]','2019-04-12 10:39:44',NULL),(505,3,'3','2019-04-12 10:39:52','删除任务关联的任务数据，任务id:[\"0169048958a70180603d690489570001\"]','2019-04-12 10:39:52',NULL),(506,3,'3','2019-04-12 11:57:29','删除任务关联的任务数据，任务id:[\"0169b25f21840181204969b25f1f0001\"]','2019-04-12 11:57:29',NULL),(507,3,'3','2019-04-12 11:58:32','删除任务关联的任务数据，任务id:[\"0169b26432840181204969b25f1f0002\"]','2019-04-12 11:58:32',NULL),(508,3,'3','2019-04-12 11:59:25','删除任务关联的任务数据，任务id:[\"0169b26962620181204969b25f1f0004\"]','2019-04-12 11:59:25',NULL),(509,3,'3','2019-04-12 11:59:49','删除任务关联的任务数据，任务id:[\"01699a3c947d017f4fe8699a02590008\"]','2019-04-12 11:59:49',NULL),(510,3,'3','2019-04-12 11:59:53','删除任务关联的任务数据，任务id:[\"0169b267239b0181204969b25f1f0003\"]','2019-04-12 11:59:53',NULL),(511,3,'3','2019-05-14 15:07:41','删除任务关联的任务数据，任务id:[\"016ab52a5b3f017236ff6ab5027e000b\"]','2019-05-14 15:07:41',NULL),(512,3,'3','2019-05-14 15:07:50','删除任务关联的任务数据，任务id:[\"016ab525766e017236ff6ab5027e000a\"]','2019-05-14 15:07:50',NULL),(513,3,'3','2019-05-14 15:07:58','删除任务关联的任务数据，任务id:[\"016ab524c0d0017236ff6ab5027e0009\"]','2019-05-14 15:07:58',NULL),(514,3,'3','2019-05-14 15:08:05','删除任务关联的任务数据，任务id:[\"016ab522b332017236ff6ab5027e0008\"]','2019-05-14 15:08:05',NULL),(515,3,'3','2019-05-14 15:08:12','删除任务关联的任务数据，任务id:[\"016ab52162eb017236ff6ab5027e0007\"]','2019-05-14 15:08:12',NULL),(516,3,'3','2019-05-14 15:08:20','删除任务关联的任务数据，任务id:[\"016ab51cc408017236ff6ab5027e0006\"]','2019-05-14 15:08:20',NULL),(517,3,'3','2019-05-14 15:08:29','删除任务关联的任务数据，任务id:[\"016ab5171d4b017236ff6ab5027e0005\"]','2019-05-14 15:08:29',NULL),(518,3,'3','2019-05-14 15:08:37','删除任务关联的任务数据，任务id:[\"016ab5120301017236ff6ab5027e0004\"]','2019-05-14 15:08:37',NULL),(519,3,'3','2019-05-14 15:08:43','删除任务关联的任务数据，任务id:[\"016ab50c42ce017236ff6ab5027e0003\"]','2019-05-14 15:08:43',NULL),(520,3,'3','2019-05-14 15:09:19','删除任务关联的任务数据，任务id:[\"016ab5061d9a017236ff6ab5027e0002\"]','2019-05-14 15:09:19',NULL),(521,3,'3','2019-05-14 15:09:35','删除任务关联的任务数据，任务id:[\"016ab5028054017236ff6ab5027e0001\"]','2019-05-14 15:09:35',NULL),(522,3,'3','2019-05-14 15:09:42','删除任务关联的任务数据，任务id:[\"016ab03bb00a01725a466ab0313e0003\"]','2019-05-14 15:09:42',NULL),(523,3,'3','2019-05-14 15:09:48','删除任务关联的任务数据，任务id:[\"016ab03aded001725a466ab0313e0002\"]','2019-05-14 15:09:48',NULL),(524,NULL,'adminLog','2019-05-19 08:34:40',' 对 数据库：leas 进行了数据库备份操作',NULL,'D:\\emv\\file\\sql\\2019-05-19-08-34-37leas.sql'),(525,NULL,'adminLog','2019-05-22 08:33:29',' 对 数据库：leas 进行了数据库备份操作',NULL,'D:\\emv\\file\\sql\\2019-05-22-08-33-25leas.sql'),(526,3,'1','2019-05-24 13:37:25','{\"dictValue\":\"{\\\"spectrumMax\\\":0,\\\"spectrumMin\\\":-120,\\\"audioMax\\\":0,\\\"audioMin\\\":-120,\\\"aviationMax\\\":0,\\\"aviationMin\\\":-120,\\\"tdoaMax\\\":0,\\\"tdoaMin\\\":-120}\",\"createUserId\":\"\",\"dictCode\":\"valueConfig\",\"dictName\":\"曲线图配置\",\"id\":\"\",\"sort\":\"100\",\"parentId\":\"1\",\"_index\":\"\",\"_rowKey\":\"\"}','2019-05-24 13:37:25',NULL),(527,NULL,'adminLog','2019-05-27 08:30:48',' 对 数据库：leas 进行了数据库备份操作',NULL,'D:\\emv\\file\\sql\\2019-05-27-08-30-41leas.sql'),(528,3,'2','2019-05-27 09:48:42','{\"dictValue\":\"{\\\"spectrumMax\\\":0,\\\"spectrumMin\\\":-100,\\\"audioMax\\\":0,\\\"audioMin\\\":-120,\\\"aviationMax\\\":0,\\\"aviationMin\\\":-120,\\\"tdoaMax\\\":0,\\\"tdoaMin\\\":-120}\",\"createUserId\":3,\"dictCode\":\"valueConfig\",\"dictName\":\"曲线图配置\",\"id\":11,\"sort\":100,\"parentId\":1,\"_index\":5,\"_rowKey\":6}','2019-05-27 09:48:42',NULL),(529,NULL,'adminLog','2019-05-27 10:40:53',' 对 数据库：emv 进行了数据库备份操作',NULL,'D:\\emv\\file\\sql\\2019-05-27-10-40-45emv.sql'),(530,3,'3','2019-05-27 15:54:30','删除任务关联的任务数据，任务id:[\"016aa0c834c0017268d26aa0c8330001\"]','2019-05-27 15:54:30',NULL),(531,3,'3','2019-05-27 15:54:41','删除任务关联的任务数据，任务id:[\"016ab031404801725a466ab0313e0001\"]','2019-05-27 15:54:41',NULL),(532,3,'3','2019-05-27 15:54:57','删除任务关联的任务数据，任务id:[\"016ab9440a97017211546ab917230009\"]','2019-05-27 15:54:57',NULL),(533,3,'3','2019-05-27 15:55:04','删除任务关联的任务数据，任务id:[\"016ab93e7b0b017211546ab917230007\"]','2019-05-27 15:55:04',NULL),(534,3,'3','2019-05-27 15:55:11','删除任务关联的任务数据，任务id:[\"016ab93399eb017211546ab917230006\"]','2019-05-27 15:55:11',NULL),(535,3,'3','2019-05-28 10:36:41','删除了名为:底图的字典信息','2019-05-28 10:36:41',NULL),(536,3,'3','2019-05-28 15:39:44','删除任务关联的任务数据，任务id:[\"016afd33d716017197a46afd26490003\"]','2019-05-28 15:39:44',NULL),(537,3,'3','2019-05-28 15:39:53','删除任务关联的任务数据，任务id:[\"016afd30aafb017197a46afd26490002\"]','2019-05-28 15:39:53',NULL),(538,3,'3','2019-05-28 15:40:01','删除任务关联的任务数据，任务id:[\"016afcf1287e017181a56afcefb90002\"]','2019-05-28 15:40:01',NULL),(539,3,'3','2019-05-28 15:40:10','删除任务关联的任务数据，任务id:[\"016afcefbb3d017181a56afcefb90001\"]','2019-05-28 15:40:10',NULL),(540,3,'3','2019-05-28 15:40:18','删除任务关联的任务数据，任务id:[\"016adebc83d601708afb6adebc820001\"]','2019-05-28 15:40:18',NULL),(541,3,'3','2019-05-28 15:40:27','删除任务关联的任务数据，任务id:[\"016adecad8d401708afb6adebc820002\"]','2019-05-28 15:40:27',NULL),(542,3,'3','2019-05-28 15:40:34','删除任务关联的任务数据，任务id:[\"016ad9c1d7a4017039476ad9c1d60001\"]','2019-05-28 15:40:34',NULL),(543,3,'3','2019-05-28 15:40:45','删除任务关联的任务数据，任务id:[\"016abb06c615016eaca76abb06c30001\"]','2019-05-28 15:40:45',NULL),(544,3,'2','2019-05-31 15:23:08','{\"dictValue\":\"{\\\"spectrumMax\\\":0,\\\"spectrumMin\\\":-100,\\\"audioMax\\\":0,\\\"audioMin\\\":-120,\\\"aviationMax\\\":0,\\\"aviationMin\\\":-100}\",\"createUserId\":3,\"dictCode\":\"valueConfig\",\"dictName\":\"曲线图配置\",\"id\":11,\"sort\":100,\"parentId\":1,\"_index\":5,\"_rowKey\":6}','2019-05-31 15:23:08',NULL),(545,3,'3','2019-05-31 16:10:20','删除任务关联的任务数据，任务id:[\"016b0c86d55d018710756b0c6dc20007\"]','2019-05-31 16:10:20',NULL),(546,3,'3','2019-06-11 09:26:33','删除任务关联的任务数据，任务id:[\"016b0caa30cf018772ee6b0c929a0003\"]','2019-06-11 09:26:33',NULL),(547,3,'3','2019-06-11 09:31:55','删除任务关联的任务数据，任务id:[\"016b0c930293018772ee6b0c929a0002\"]','2019-06-11 09:31:55',NULL),(548,3,'3','2019-06-11 09:32:04','删除任务关联的任务数据，任务id:[\"016b0c79470f018710756b0c6dc20004\"]','2019-06-11 09:32:04',NULL),(549,3,'3','2019-06-11 09:32:12','删除任务关联的任务数据，任务id:[\"016b0c73267f018710756b0c6dc20003\"]','2019-06-11 09:32:12',NULL),(550,3,'3','2019-06-11 09:32:22','删除任务关联的任务数据，任务id:[\"016b0c6dc42a018710756b0c6dc20001\"]','2019-06-11 09:32:22',NULL),(551,3,'3','2019-06-11 09:32:31','删除任务关联的任务数据，任务id:[\"016b0c12777901875e6d6b0be64a0003\"]','2019-06-11 09:32:31',NULL),(552,3,'3','2019-06-11 09:32:41','删除任务关联的任务数据，任务id:[\"016b0bee5d7701875e6d6b0be64a0002\"]','2019-06-11 09:32:41',NULL),(553,3,'3','2019-06-11 09:32:49','删除任务关联的任务数据，任务id:[\"016b0be64c5001875e6d6b0be64a0001\"]','2019-06-11 09:32:49',NULL),(554,3,'3','2019-06-11 09:32:59','删除任务关联的任务数据，任务id:[\"016abad8ea36016e88fb6abad8490002\"]','2019-06-11 09:32:59',NULL),(555,3,'3','2019-06-11 09:33:08','删除任务关联的任务数据，任务id:[\"016abad84b86016e88fb6abad8490001\"]','2019-06-11 09:33:08',NULL),(556,3,'3','2019-06-11 09:33:20','删除任务关联的任务数据，任务id:[\"016abad38516016e1c216abad3830001\"]','2019-06-11 09:33:20',NULL),(557,3,'3','2019-06-11 09:33:28','删除任务关联的任务数据，任务id:[\"016abacf3d6a016e3ec46abacc6b0002\"]','2019-06-11 09:33:28',NULL),(558,3,'3','2019-06-11 09:33:37','删除任务关联的任务数据，任务id:[\"016abac56155016ef7406abac55f0001\"]','2019-06-11 09:33:37',NULL),(559,3,'3','2019-06-11 09:33:47','删除任务关联的任务数据，任务id:[\"016abacc6cb6016e3ec46abacc6b0001\"]','2019-06-11 09:33:47',NULL),(560,3,'3','2019-06-11 09:33:56','删除任务关联的任务数据，任务id:[\"016ab93fb4cc017211546ab917230008\"]','2019-06-11 09:33:56',NULL),(561,3,'3','2019-06-11 09:34:06','删除任务关联的任务数据，任务id:[\"016ab91fea39017211546ab917230003\"]','2019-06-11 09:34:06',NULL),(562,3,'3','2019-06-11 09:34:16','删除任务关联的任务数据，任务id:[\"016ab91725cd017211546ab917230001\"]','2019-06-11 09:34:16',NULL),(563,3,'3','2019-06-11 09:34:25','删除任务关联的任务数据，任务id:[\"016ab542e1600172000a6ab542df0001\"]','2019-06-11 09:34:25',NULL),(564,3,'3','2019-06-11 09:34:35','删除任务关联的任务数据，任务id:[\"016ab542055b017222c16ab540630004\"]','2019-06-11 09:34:35',NULL),(565,3,'3','2019-06-11 09:35:41','删除任务关联的任务数据，任务id:[\"016ab54197bc017222c16ab540630003\"]','2019-06-11 09:35:41',NULL),(566,3,'3','2019-06-11 09:35:51','删除任务关联的任务数据，任务id:[\"016ab5414986017222c16ab540630002\"]','2019-06-11 09:35:51',NULL),(567,3,'3','2019-06-11 09:36:00','删除任务关联的任务数据，任务id:[\"016ab5406597017222c16ab540630001\"]','2019-06-11 09:36:00',NULL),(568,3,'3','2019-06-11 09:36:09','删除任务关联的任务数据，任务id:[\"016aa0e4c6d1017273726aa0e4c50001\"]','2019-06-11 09:36:09',NULL),(569,3,'3','2019-06-11 09:36:19','删除任务关联的任务数据，任务id:[\"016aa0d3b829017268d26aa0c8330002\"]','2019-06-11 09:36:19',NULL),(570,3,'3','2019-06-11 09:36:28','删除任务关联的任务数据，任务id:[\"016aa0b204990172e9b56aa037880006\"]','2019-06-11 09:36:28',NULL),(571,3,'3','2019-06-11 09:36:38','删除任务关联的任务数据，任务id:[\"016aa08a7ed30172e9b56aa037880004\"]','2019-06-11 09:36:38',NULL),(572,3,'3','2019-06-11 09:36:48','删除任务关联的任务数据，任务id:[\"016aa070ff6e0172e9b56aa037880003\"]','2019-06-11 09:36:48',NULL),(573,3,'3','2019-06-11 15:05:57','删除任务关联的任务数据，任务id:[\"016a2f3c659a0178cfb76a2f38300003\"]','2019-06-11 15:05:57',NULL),(574,3,'3','2019-06-17 15:06:38','删除任务关联的任务数据，任务id:[\"016b641cd0e8017f83646b641ccf0001\"]','2019-06-17 15:06:38',NULL);

/*Table structure for table `sys_maplayer` */

DROP TABLE IF EXISTS `sys_maplayer`;

CREATE TABLE `sys_maplayer` (
  `id` BIGINT(32) NOT NULL AUTO_INCREMENT,
  `layer_id` VARCHAR(50) NOT NULL COMMENT '图层服务id',
  `layer_name` VARCHAR(50) NOT NULL COMMENT '名称',
  `map_url` VARCHAR(255) NOT NULL COMMENT '地图服务地址',
  `layer_url` VARCHAR(255) DEFAULT NULL COMMENT '数据地址',
  `description` VARCHAR(255) DEFAULT NULL COMMENT '描述',
  `object_key` VARCHAR(50) DEFAULT NULL COMMENT '数据源唯一字段key',
  `title_field` VARCHAR(255) DEFAULT NULL COMMENT '数据源标题字段',
  `show_fields` VARCHAR(4000) DEFAULT '[]' COMMENT '展示字段',
  `info_fields` VARCHAR(4000) DEFAULT '[]' COMMENT '精简的展示字段',
  `feature_layer` VARCHAR(255) DEFAULT NULL COMMENT '数据源表名',
  `is_load` INT(2) DEFAULT '1' COMMENT '是否加载',
  `layer_group` VARCHAR(255) DEFAULT NULL COMMENT '所属图层组（字典表读取）',
  `query_fields` VARCHAR(4000) DEFAULT '[]' COMMENT '查询字段',
  `active_identy` INT(2) DEFAULT '0' COMMENT '开启识别',
  `layer_type` VARCHAR(50) NOT NULL DEFAULT 'esri_dynamic' COMMENT '图层类型',
  PRIMARY KEY (`id`)
) ENGINE=INNODB AUTO_INCREMENT=7 DEFAULT CHARSET=utf8 ROW_FORMAT=DYNAMIC;

/*Data for the table `sys_maplayer` */

INSERT  INTO `sys_maplayer`(`id`,`layer_id`,`layer_name`,`map_url`,`layer_url`,`description`,`object_key`,`title_field`,`show_fields`,`info_fields`,`feature_layer`,`is_load`,`layer_group`,`query_fields`,`active_identy`,`layer_type`) VALUES (1,'test','图1','../','','','','','','','',1,NULL,'',0,''),(3,'test1','图2','../','','','','','[]','[]','',1,'baseLayer','[]',0,'esri_dynamic'),(4,'esriWorld','esri世界地图','https://services.arcgisonline.com/arcgis/rest/services/ESRI_Imagery_World_2D/MapServer','','','','','[]','[]','',0,'topicLayer','[]',0,'esri_tile'),(5,'esriStreet','esri街景地图','https://services.arcgisonline.com/arcgis/rest/services/ESRI_StreetMap_World_2D/MapServer','','','','','[]','[]','',0,'topicLayer','[]',0,'esri_tile'),(6,'esriDynamic','esri动态','https://services.arcgisonline.com/arcgis/rest/services/Specialty/Soil_Survey_Map/MapServer','','','','','[]','[]','',0,'topicLayer','[]',0,'esri_dynamic');

/*Table structure for table `sys_menu` */

DROP TABLE IF EXISTS `sys_menu`;

CREATE TABLE `sys_menu` (
  `id` BIGINT(20) NOT NULL AUTO_INCREMENT COMMENT '主键',
  `menu_url` VARCHAR(256) NOT NULL COMMENT '菜单地址',
  `menu_route` VARCHAR(256) DEFAULT NULL COMMENT '前端路由',
  `menu_name` VARCHAR(128) NOT NULL COMMENT '菜单名称',
  `menu_icon` VARCHAR(128) DEFAULT NULL COMMENT '菜单图标',
  `menu_type` VARCHAR(128) DEFAULT NULL COMMENT '菜单类型',
  `model_name` VARCHAR(128) DEFAULT NULL COMMENT '所属模块名称',
  `sort` BIGINT(20) DEFAULT NULL COMMENT '排序字段',
  `parent_id` BIGINT(20) DEFAULT NULL COMMENT '父节点id',
  `create_user_id` BIGINT(20) DEFAULT NULL COMMENT '创建人',
  `update_user_id` BIGINT(20) DEFAULT NULL COMMENT '修改人',
  PRIMARY KEY (`id`)
) ENGINE=INNODB AUTO_INCREMENT=12 DEFAULT CHARSET=utf8 ROW_FORMAT=DYNAMIC COMMENT='菜单';

/*Data for the table `sys_menu` */

INSERT  INTO `sys_menu`(`id`,`menu_url`,`menu_route`,`menu_name`,`menu_icon`,`menu_type`,`model_name`,`sort`,`parent_id`,`create_user_id`,`update_user_id`) VALUES (1,'../image/','http://10.0.0.1/#/about','根节点','1','1','1',1,0,NULL,NULL),(2,'../image/','http://10.0.0.1/#/','首页菜单',NULL,NULL,NULL,2,1,NULL,NULL),(3,'../image/','http://10.0.0.1/#/','系统管理-菜单',NULL,NULL,NULL,4,1,NULL,NULL),(5,'../image/','http://10.0.0.1/#/concat','首页',NULL,NULL,NULL,3,2,NULL,NULL),(6,'../image/','http://10.0.0.1/#/concat','系统管理',NULL,NULL,NULL,3,2,NULL,NULL),(7,'../image/','http://10.0.0.1/#/concat','用户管理','5',NULL,NULL,5,3,NULL,NULL),(10,'aaa','','角色管理','',NULL,NULL,4,3,1,NULL),(11,'aaa','','权限管理','',NULL,NULL,7,3,1,NULL);

/*Table structure for table `sys_organization` */

DROP TABLE IF EXISTS `sys_organization`;

CREATE TABLE `sys_organization` (
  `id` BIGINT(20) NOT NULL AUTO_INCREMENT COMMENT '主键',
  `organ_code` VARCHAR(128) NOT NULL COMMENT '单位代码',
  `organ_name` VARCHAR(128) NOT NULL COMMENT '单位名称',
  `area_id` BIGINT(20) DEFAULT NULL COMMENT '所属区域id',
  `area_code` VARCHAR(128) DEFAULT NULL COMMENT '所属区域代码',
  `area_name` VARCHAR(128) DEFAULT NULL COMMENT '所属区域名称',
  `sort` BIGINT(20) DEFAULT NULL COMMENT '排序字段',
  `parent_id` BIGINT(20) DEFAULT NULL COMMENT '父节点id',
  `create_user_id` BIGINT(20) DEFAULT NULL COMMENT '创建人',
  `update_user_id` BIGINT(20) DEFAULT NULL COMMENT '修改人',
  `remark` VARCHAR(255) DEFAULT NULL COMMENT '备注',
  `del` TINYINT(1) DEFAULT '0' COMMENT '是否删除',
  `otype` VARCHAR(50) DEFAULT NULL COMMENT '单位类型',
  `lon` DECIMAL(6,6) DEFAULT NULL COMMENT '经度',
  `lat` DECIMAL(6,6) DEFAULT NULL COMMENT '纬度',
  `start_time` DATETIME DEFAULT NULL ON UPDATE CURRENT_TIMESTAMP COMMENT '启用时间',
  `end_time` DATETIME DEFAULT NULL ON UPDATE CURRENT_TIMESTAMP COMMENT '停用时间',
  `address` VARCHAR(255) DEFAULT NULL COMMENT '地址',
  `postcode` VARCHAR(255) DEFAULT NULL COMMENT '邮编',
  `email` VARCHAR(255) DEFAULT NULL,
  `fax` VARCHAR(255) DEFAULT NULL,
  `tel` VARCHAR(255) DEFAULT NULL,
  `brief_org` TEXT COMMENT '单位简介',
  `duty_org` TEXT COMMENT '职责',
  `brief_user` TEXT COMMENT '人员职责',
  PRIMARY KEY (`id`)
) ENGINE=INNODB AUTO_INCREMENT=10 DEFAULT CHARSET=utf8 ROW_FORMAT=DYNAMIC COMMENT='组织和单位';

/*Data for the table `sys_organization` */

INSERT  INTO `sys_organization`(`id`,`organ_code`,`organ_name`,`area_id`,`area_code`,`area_name`,`sort`,`parent_id`,`create_user_id`,`update_user_id`) VALUES (1,'0350','青岛市无线电管理',NULL,'','山东',NULL,0,NULL,NULL),(2,'0351','李沧区无线电管理',NULL,'','李沧区',NULL,1,NULL,NULL),(3,'0352','府山街道无线电',NULL,'','李沧区',NULL,2,NULL,NULL),(4,'0353','虎山街道无线电',NULL,'','',NULL,2,NULL,NULL),(5,'0405','黄岛区无线电管理',NULL,'','青岛',NULL,1,NULL,NULL),(6,'0303','市北区无线电',NULL,'','青岛',NULL,1,1,NULL),(8,'0307','李村',NULL,NULL,'',NULL,4,1,NULL),(9,'0308','张村',NULL,NULL,'',NULL,4,1,NULL);

/*Table structure for table `sys_role` */

DROP TABLE IF EXISTS `sys_role`;

CREATE TABLE `sys_role` (
  `id` BIGINT(20) NOT NULL AUTO_INCREMENT COMMENT '主键',
  `role_name` VARCHAR(64) NOT NULL COMMENT '角色名称',
  `role_code` VARCHAR(64) NOT NULL COMMENT '角色code',
  `role_type` VARCHAR(64) NOT NULL COMMENT '角色类型',
  `is_enabled` TINYINT(1) DEFAULT '1' COMMENT '角色状态(1:激活,0:锁定)',
  `remark` VARCHAR(1000) DEFAULT NULL COMMENT '备注',
  `name` VARCHAR(128) DEFAULT NULL COMMENT 'ROLE_',
  `create_user_id` BIGINT(20) DEFAULT NULL,
  `update_user_id` BIGINT(20) DEFAULT NULL,
  PRIMARY KEY (`id`)
) ENGINE=INNODB AUTO_INCREMENT=4 DEFAULT CHARSET=utf8 ROW_FORMAT=DYNAMIC COMMENT='角色表';

/*Data for the table `sys_role` */

INSERT  INTO `sys_role`(`id`,`role_name`,`role_code`,`role_type`,`is_enabled`,`remark`,`name`,`create_user_id`,`update_user_id`) VALUES (1,'超级管理员','ROLE_ADMIN','ADMIN',1,'管理员','ROLE_ADMIN',NULL,NULL),(3,'区县管理','ROLE_COUNT','',1,'','',1,NULL);

/*Table structure for table `sys_role_menu` */

DROP TABLE IF EXISTS `sys_role_menu`;

CREATE TABLE `sys_role_menu` (
  `id` BIGINT(20) NOT NULL AUTO_INCREMENT COMMENT '主键',
  `menu_id` BIGINT(20) NOT NULL COMMENT '菜单id',
  `role_id` BIGINT(20) NOT NULL COMMENT '角色id',
  PRIMARY KEY (`id`)
) ENGINE=INNODB AUTO_INCREMENT=12 DEFAULT CHARSET=utf8 ROW_FORMAT=DYNAMIC COMMENT='角色菜单关系表';

/*Data for the table `sys_role_menu` */

INSERT  INTO `sys_role_menu`(`id`,`menu_id`,`role_id`) VALUES (2,2,1),(3,3,1),(4,6,1),(5,7,1),(6,10,1),(7,11,1),(8,1,1),(9,2,3),(10,5,3),(11,6,3);

/*Table structure for table `sys_run_log` */

DROP TABLE IF EXISTS `sys_run_log`;

CREATE TABLE `sys_run_log` (
  `id` BIGINT(20) NOT NULL AUTO_INCREMENT COMMENT '主键',
  `user_id` BIGINT(20) DEFAULT NULL COMMENT '用户id',
  `user_name` VARCHAR(128) DEFAULT NULL COMMENT '用户名称(显示名)',
  `action_log` TEXT COMMENT '存储异常栈信息,或者运行的sql) json',
  `action_ip` VARCHAR(64) DEFAULT NULL COMMENT '操作ip地址',
  `action_desc` VARCHAR(1000) DEFAULT NULL COMMENT '操作描述',
  `action_start` DATETIME DEFAULT NULL COMMENT '动作开始时间',
  `action_end` DATETIME DEFAULT NULL COMMENT '动作结束时间',
  `action_count` BIGINT(20) DEFAULT NULL COMMENT '总执行时间(微秒)',
  `action_class` VARCHAR(128) DEFAULT NULL COMMENT '操作类',
  `action_method` VARCHAR(128) DEFAULT NULL COMMENT '操作方法',
  `action_args` VARCHAR(2048) DEFAULT NULL COMMENT '方法参数',
  `create_time` DATETIME NOT NULL COMMENT '创建时间',
  PRIMARY KEY (`id`)
) ENGINE=INNODB AUTO_INCREMENT=286 DEFAULT CHARSET=utf8 ROW_FORMAT=DYNAMIC COMMENT='日志表';

/*Data for the table `sys_run_log` */

INSERT  INTO `sys_run_log`(`id`,`user_id`,`user_name`,`action_log`,`action_ip`,`action_desc`,`action_start`,`action_end`,`action_count`,`action_class`,`action_method`,`action_args`,`create_time`) VALUES (4,NULL,NULL,NULL,NULL,'系统启动','2018-12-06 12:19:50',NULL,NULL,NULL,NULL,NULL,'2018-12-06 12:19:50'),(5,NULL,NULL,NULL,NULL,'系统启动','2018-12-06 12:24:12',NULL,NULL,NULL,NULL,NULL,'2018-12-06 12:24:12'),(6,NULL,NULL,NULL,NULL,'系统启动','2018-12-06 13:17:50',NULL,NULL,NULL,NULL,NULL,'2018-12-06 13:17:50'),(7,NULL,NULL,NULL,NULL,'系统启动','2018-12-06 13:32:53',NULL,NULL,NULL,NULL,NULL,'2018-12-06 13:32:53'),(8,NULL,NULL,NULL,NULL,'系统启动','2018-12-06 13:36:45',NULL,NULL,NULL,NULL,NULL,'2018-12-06 13:36:45'),(9,NULL,NULL,NULL,NULL,'系统启动','2018-12-06 13:38:48',NULL,NULL,NULL,NULL,NULL,'2018-12-06 13:38:48'),(10,NULL,NULL,NULL,NULL,'系统启动','2018-12-06 13:40:22',NULL,NULL,NULL,NULL,NULL,'2018-12-06 13:40:22'),(11,NULL,NULL,NULL,NULL,'系统启动','2018-12-06 13:41:46',NULL,NULL,NULL,NULL,NULL,'2018-12-06 13:41:46'),(12,NULL,NULL,NULL,NULL,'系统启动','2018-12-06 13:43:29',NULL,NULL,NULL,NULL,NULL,'2018-12-06 13:43:29'),(13,NULL,NULL,NULL,NULL,'系统启动','2018-12-06 13:47:04',NULL,NULL,NULL,NULL,NULL,'2018-12-06 13:47:04'),(14,NULL,NULL,NULL,NULL,'系统启动','2018-12-06 14:39:36',NULL,NULL,NULL,NULL,NULL,'2018-12-06 14:39:36'),(15,NULL,NULL,NULL,NULL,'系统启动','2018-12-06 15:05:10',NULL,NULL,NULL,NULL,NULL,'2018-12-06 15:05:10'),(16,NULL,NULL,NULL,NULL,'系统启动','2018-12-06 15:19:24',NULL,NULL,NULL,NULL,NULL,'2018-12-06 15:19:24'),(17,NULL,NULL,NULL,NULL,'系统启动','2018-12-06 15:21:52',NULL,NULL,NULL,NULL,NULL,'2018-12-06 15:21:52'),(18,NULL,NULL,NULL,NULL,'系统启动','2018-12-06 15:22:45',NULL,NULL,NULL,NULL,NULL,'2018-12-06 15:22:45'),(19,NULL,NULL,NULL,NULL,'系统启动','2018-12-06 15:23:59',NULL,NULL,NULL,NULL,NULL,'2018-12-06 15:23:59'),(20,NULL,NULL,NULL,NULL,'系统启动','2018-12-06 15:27:27',NULL,NULL,NULL,NULL,NULL,'2018-12-06 15:27:27'),(21,NULL,NULL,NULL,NULL,'系统启动','2018-12-06 16:58:55',NULL,NULL,NULL,NULL,NULL,'2018-12-06 16:58:55'),(22,NULL,NULL,NULL,NULL,'系统启动','2018-12-06 17:09:35',NULL,NULL,NULL,NULL,NULL,'2018-12-06 17:09:35'),(23,NULL,NULL,NULL,NULL,'系统启动','2018-12-06 17:21:34',NULL,NULL,NULL,NULL,NULL,'2018-12-06 17:21:34'),(24,NULL,NULL,NULL,NULL,'系统启动','2018-12-06 17:24:03',NULL,NULL,NULL,NULL,NULL,'2018-12-06 17:24:03'),(25,NULL,NULL,NULL,NULL,'系统启动','2018-12-10 13:40:11',NULL,NULL,NULL,NULL,NULL,'2018-12-10 13:40:11'),(26,NULL,NULL,NULL,NULL,'系统启动','2018-12-17 09:57:33',NULL,NULL,NULL,NULL,NULL,'2018-12-17 09:57:33'),(27,NULL,NULL,NULL,NULL,'系统启动','2018-12-19 16:13:00',NULL,NULL,NULL,NULL,NULL,'2018-12-19 16:13:00'),(28,NULL,NULL,NULL,NULL,'系统启动','2019-01-07 13:30:16',NULL,NULL,NULL,NULL,NULL,'2019-01-07 13:30:16'),(29,NULL,NULL,NULL,NULL,'系统启动','2019-01-28 11:30:22',NULL,NULL,NULL,NULL,NULL,'2019-01-28 11:30:22'),(30,NULL,NULL,NULL,NULL,'系统启动','2019-01-30 09:53:25',NULL,NULL,NULL,NULL,NULL,'2019-01-30 09:53:25'),(31,NULL,NULL,NULL,NULL,'系统启动','2019-01-30 09:58:21',NULL,NULL,NULL,NULL,NULL,'2019-01-30 09:58:21'),(32,NULL,NULL,NULL,NULL,'系统启动','2019-01-30 09:59:47',NULL,NULL,NULL,NULL,NULL,'2019-01-30 09:59:47'),(33,NULL,NULL,NULL,NULL,'系统启动','2019-01-30 10:09:09',NULL,NULL,NULL,NULL,NULL,'2019-01-30 10:09:09'),(36,NULL,NULL,'系统启动',NULL,'系统启动','2019-04-12 09:39:22',NULL,NULL,NULL,NULL,NULL,'2019-04-12 09:39:22'),(37,NULL,NULL,'系统启动',NULL,'系统启动','2019-04-12 10:23:01',NULL,NULL,NULL,NULL,NULL,'2019-04-12 10:23:01'),(38,NULL,NULL,'系统启动',NULL,'系统启动','2019-04-12 11:21:17',NULL,NULL,NULL,NULL,NULL,'2019-04-12 11:21:17'),(39,NULL,NULL,'系统启动',NULL,'系统启动','2019-04-12 11:50:48',NULL,NULL,NULL,NULL,NULL,'2019-04-12 11:50:48'),(40,NULL,NULL,'系统启动',NULL,'系统启动','2019-04-12 11:56:15',NULL,NULL,NULL,NULL,NULL,'2019-04-12 11:56:15'),(41,NULL,NULL,'系统启动',NULL,'系统启动','2019-04-13 08:45:26',NULL,NULL,NULL,NULL,NULL,'2019-04-13 08:45:26'),(42,NULL,NULL,'系统启动',NULL,'系统启动','2019-04-15 17:42:05',NULL,NULL,NULL,NULL,NULL,'2019-04-15 17:42:05'),(43,NULL,NULL,'系统启动',NULL,'系统启动','2019-04-16 14:11:35',NULL,NULL,NULL,NULL,NULL,'2019-04-16 14:11:35'),(44,NULL,NULL,'系统启动',NULL,'系统启动','2019-04-17 14:24:56',NULL,NULL,NULL,NULL,NULL,'2019-04-17 14:24:56'),(45,NULL,NULL,'系统启动',NULL,'系统启动','2019-04-18 11:13:13',NULL,NULL,NULL,NULL,NULL,'2019-04-18 11:13:13'),(46,NULL,NULL,'系统启动',NULL,'系统启动','2019-04-18 11:21:45',NULL,NULL,NULL,NULL,NULL,'2019-04-18 11:21:45'),(47,NULL,NULL,'系统启动',NULL,'系统启动','2019-04-18 13:23:42',NULL,NULL,NULL,NULL,NULL,'2019-04-18 13:23:42'),(48,NULL,NULL,'系统启动',NULL,'系统启动','2019-04-18 14:11:36',NULL,NULL,NULL,NULL,NULL,'2019-04-18 14:11:36'),(49,NULL,NULL,'系统启动',NULL,'系统启动','2019-04-18 14:13:22',NULL,NULL,NULL,NULL,NULL,'2019-04-18 14:13:22'),(50,NULL,NULL,'系统启动',NULL,'系统启动','2019-04-18 14:29:17',NULL,NULL,NULL,NULL,NULL,'2019-04-18 14:29:17'),(51,NULL,NULL,'系统启动',NULL,'系统启动','2019-04-18 14:38:06',NULL,NULL,NULL,NULL,NULL,'2019-04-18 14:38:06'),(52,NULL,NULL,'系统启动',NULL,'系统启动','2019-04-18 14:45:54',NULL,NULL,NULL,NULL,NULL,'2019-04-18 14:45:54'),(53,NULL,NULL,'系统启动',NULL,'系统启动','2019-04-18 14:52:32',NULL,NULL,NULL,NULL,NULL,'2019-04-18 14:52:32'),(54,NULL,NULL,'系统启动',NULL,'系统启动','2019-04-18 15:09:40',NULL,NULL,NULL,NULL,NULL,'2019-04-18 15:09:40'),(55,NULL,NULL,'系统启动',NULL,'系统启动','2019-05-05 15:29:44',NULL,NULL,NULL,NULL,NULL,'2019-05-05 15:29:44'),(56,NULL,NULL,'系统启动',NULL,'系统启动','2019-05-06 08:53:25',NULL,NULL,NULL,NULL,NULL,'2019-05-06 08:53:25'),(57,NULL,NULL,'系统启动',NULL,'系统启动','2019-05-06 08:54:50',NULL,NULL,NULL,NULL,NULL,'2019-05-06 08:54:50'),(58,NULL,NULL,'系统启动',NULL,'系统启动','2019-05-06 09:00:34',NULL,NULL,NULL,NULL,NULL,'2019-05-06 09:00:34'),(59,NULL,NULL,'系统启动',NULL,'系统启动','2019-05-06 09:28:02',NULL,NULL,NULL,NULL,NULL,'2019-05-06 09:28:02'),(60,NULL,NULL,'系统启动',NULL,'系统启动','2019-05-06 09:28:29',NULL,NULL,NULL,NULL,NULL,'2019-05-06 09:28:29'),(61,NULL,NULL,'系统启动',NULL,'系统启动','2019-05-06 09:29:23',NULL,NULL,NULL,NULL,NULL,'2019-05-06 09:29:23'),(62,NULL,NULL,'系统启动',NULL,'系统启动','2019-05-06 09:29:44',NULL,NULL,NULL,NULL,NULL,'2019-05-06 09:29:44'),(63,NULL,NULL,'系统启动',NULL,'系统启动','2019-05-06 09:32:21',NULL,NULL,NULL,NULL,NULL,'2019-05-06 09:32:21'),(64,NULL,NULL,'系统启动',NULL,'系统启动','2019-05-06 09:32:48',NULL,NULL,NULL,NULL,NULL,'2019-05-06 09:32:48'),(65,NULL,NULL,'系统启动',NULL,'系统启动','2019-05-06 09:34:32',NULL,NULL,NULL,NULL,NULL,'2019-05-06 09:34:32'),(66,NULL,NULL,'系统启动',NULL,'系统启动','2019-05-06 09:39:15',NULL,NULL,NULL,NULL,NULL,'2019-05-06 09:39:15'),(67,NULL,NULL,'系统启动',NULL,'系统启动','2019-05-06 09:52:21',NULL,NULL,NULL,NULL,NULL,'2019-05-06 09:52:21'),(68,NULL,NULL,'系统启动',NULL,'系统启动','2019-05-06 09:53:28',NULL,NULL,NULL,NULL,NULL,'2019-05-06 09:53:28'),(69,NULL,NULL,'系统启动',NULL,'系统启动','2019-05-06 10:50:55',NULL,NULL,NULL,NULL,NULL,'2019-05-06 10:50:55'),(70,NULL,NULL,'系统启动',NULL,'系统启动','2019-05-07 10:54:25',NULL,NULL,NULL,NULL,NULL,'2019-05-07 10:54:25'),(71,NULL,NULL,'系统启动',NULL,'系统启动','2019-05-10 13:28:25',NULL,NULL,NULL,NULL,NULL,'2019-05-10 13:28:25'),(72,NULL,NULL,'系统启动',NULL,'系统启动','2019-05-10 16:04:59',NULL,NULL,NULL,NULL,NULL,'2019-05-10 16:04:59'),(73,NULL,NULL,'系统启动',NULL,'系统启动','2019-05-10 16:37:47',NULL,NULL,NULL,NULL,NULL,'2019-05-10 16:37:47'),(74,NULL,NULL,'系统启动',NULL,'系统启动','2019-05-13 15:50:41',NULL,NULL,NULL,NULL,NULL,'2019-05-13 15:50:41'),(75,NULL,NULL,'系统启动',NULL,'系统启动','2019-05-13 15:55:06',NULL,NULL,NULL,NULL,NULL,'2019-05-13 15:55:06'),(76,NULL,NULL,'系统启动',NULL,'系统启动','2019-05-14 14:21:03',NULL,NULL,NULL,NULL,NULL,'2019-05-14 14:21:03'),(77,NULL,NULL,'系统启动',NULL,'系统启动','2019-05-14 15:13:41',NULL,NULL,NULL,NULL,NULL,'2019-05-14 15:13:41'),(78,NULL,NULL,'系统启动',NULL,'系统启动','2019-05-14 15:15:11',NULL,NULL,NULL,NULL,NULL,'2019-05-14 15:15:11'),(79,NULL,NULL,'系统启动',NULL,'系统启动','2019-05-14 15:18:59',NULL,NULL,NULL,NULL,NULL,'2019-05-14 15:18:59'),(80,NULL,NULL,'系统启动',NULL,'系统启动','2019-05-14 15:33:17',NULL,NULL,NULL,NULL,NULL,'2019-05-14 15:33:17'),(81,NULL,NULL,'系统启动',NULL,'系统启动','2019-05-14 15:37:43',NULL,NULL,NULL,NULL,NULL,'2019-05-14 15:37:43'),(82,NULL,NULL,'系统启动',NULL,'系统启动','2019-05-14 16:09:41',NULL,NULL,NULL,NULL,NULL,'2019-05-14 16:09:41'),(83,NULL,NULL,'系统启动',NULL,'系统启动','2019-05-14 16:10:54',NULL,NULL,NULL,NULL,NULL,'2019-05-14 16:10:54'),(84,NULL,NULL,'系统启动',NULL,'系统启动','2019-05-14 16:14:59',NULL,NULL,NULL,NULL,NULL,'2019-05-14 16:14:59'),(85,NULL,NULL,'系统启动',NULL,'系统启动','2019-05-15 08:47:26',NULL,NULL,NULL,NULL,NULL,'2019-05-15 08:47:26'),(86,NULL,NULL,'系统启动',NULL,'系统启动','2019-05-15 08:55:54',NULL,NULL,NULL,NULL,NULL,'2019-05-15 08:55:54'),(87,NULL,NULL,'系统启动',NULL,'系统启动','2019-05-15 09:02:47',NULL,NULL,NULL,NULL,NULL,'2019-05-15 09:02:47'),(88,NULL,NULL,'系统启动',NULL,'系统启动','2019-05-15 09:07:40',NULL,NULL,NULL,NULL,NULL,'2019-05-15 09:07:40'),(89,NULL,NULL,'系统启动',NULL,'系统启动','2019-05-15 13:24:42',NULL,NULL,NULL,NULL,NULL,'2019-05-15 13:24:42'),(90,NULL,NULL,'系统启动',NULL,'系统启动','2019-05-15 13:29:07',NULL,NULL,NULL,NULL,NULL,'2019-05-15 13:29:07'),(91,NULL,NULL,'系统启动',NULL,'系统启动','2019-05-15 13:31:41',NULL,NULL,NULL,NULL,NULL,'2019-05-15 13:31:41'),(92,NULL,NULL,'系统启动',NULL,'系统启动','2019-05-15 13:32:59',NULL,NULL,NULL,NULL,NULL,'2019-05-15 13:32:59'),(93,NULL,NULL,'系统启动',NULL,'系统启动','2019-05-15 13:33:20',NULL,NULL,NULL,NULL,NULL,'2019-05-15 13:33:20'),(94,NULL,NULL,'系统启动',NULL,'系统启动','2019-05-15 13:33:51',NULL,NULL,NULL,NULL,NULL,'2019-05-15 13:33:51'),(95,NULL,NULL,'系统启动',NULL,'系统启动','2019-05-15 13:35:26',NULL,NULL,NULL,NULL,NULL,'2019-05-15 13:35:26'),(96,NULL,NULL,'系统启动',NULL,'系统启动','2019-05-15 13:36:03',NULL,NULL,NULL,NULL,NULL,'2019-05-15 13:36:03'),(97,NULL,NULL,'系统启动',NULL,'系统启动','2019-05-15 13:36:35',NULL,NULL,NULL,NULL,NULL,'2019-05-15 13:36:35'),(98,NULL,NULL,'系统启动',NULL,'系统启动','2019-05-15 16:51:49',NULL,NULL,NULL,NULL,NULL,'2019-05-15 16:51:49'),(99,NULL,NULL,'系统启动',NULL,'系统启动','2019-05-15 16:54:55',NULL,NULL,NULL,NULL,NULL,'2019-05-15 16:54:55'),(100,NULL,NULL,'系统启动',NULL,'系统启动','2019-05-15 16:57:19',NULL,NULL,NULL,NULL,NULL,'2019-05-15 16:57:19'),(101,NULL,NULL,'系统启动',NULL,'系统启动','2019-05-15 17:02:09',NULL,NULL,NULL,NULL,NULL,'2019-05-15 17:02:09'),(102,NULL,NULL,'系统启动',NULL,'系统启动','2019-05-15 17:05:36',NULL,NULL,NULL,NULL,NULL,'2019-05-15 17:05:36'),(103,NULL,NULL,'系统启动',NULL,'系统启动','2019-05-15 17:10:38',NULL,NULL,NULL,NULL,NULL,'2019-05-15 17:10:38'),(104,NULL,NULL,'系统启动',NULL,'系统启动','2019-05-15 17:13:41',NULL,NULL,NULL,NULL,NULL,'2019-05-15 17:13:41'),(105,NULL,NULL,'系统启动',NULL,'系统启动','2019-05-15 17:21:00',NULL,NULL,NULL,NULL,NULL,'2019-05-15 17:21:00'),(106,NULL,NULL,'系统启动',NULL,'系统启动','2019-05-15 17:28:42',NULL,NULL,NULL,NULL,NULL,'2019-05-15 17:28:42'),(107,NULL,NULL,'系统启动',NULL,'系统启动','2019-05-15 17:31:18',NULL,NULL,NULL,NULL,NULL,'2019-05-15 17:31:18'),(108,NULL,NULL,'系统启动',NULL,'系统启动','2019-05-15 17:31:48',NULL,NULL,NULL,NULL,NULL,'2019-05-15 17:31:48'),(109,NULL,NULL,'系统启动',NULL,'系统启动','2019-05-15 17:31:55',NULL,NULL,NULL,NULL,NULL,'2019-05-15 17:31:55'),(110,NULL,NULL,'系统启动',NULL,'系统启动','2019-05-15 17:32:26',NULL,NULL,NULL,NULL,NULL,'2019-05-15 17:32:26'),(111,NULL,NULL,'系统启动',NULL,'系统启动','2019-05-15 17:32:29',NULL,NULL,NULL,NULL,NULL,'2019-05-15 17:32:29'),(112,NULL,NULL,'系统启动',NULL,'系统启动','2019-05-15 17:33:31',NULL,NULL,NULL,NULL,NULL,'2019-05-15 17:33:31'),(113,NULL,NULL,'系统启动',NULL,'系统启动','2019-05-15 17:33:31',NULL,NULL,NULL,NULL,NULL,'2019-05-15 17:33:31'),(114,NULL,NULL,'系统启动',NULL,'系统启动','2019-05-15 17:33:31',NULL,NULL,NULL,NULL,NULL,'2019-05-15 17:33:31'),(115,NULL,NULL,'系统启动',NULL,'系统启动','2019-05-15 17:33:32',NULL,NULL,NULL,NULL,NULL,'2019-05-15 17:33:32'),(116,NULL,NULL,'系统启动',NULL,'系统启动','2019-05-15 17:34:29',NULL,NULL,NULL,NULL,NULL,'2019-05-15 17:34:29'),(117,NULL,NULL,'系统启动',NULL,'系统启动','2019-05-15 17:41:11',NULL,NULL,NULL,NULL,NULL,'2019-05-15 17:41:11'),(118,NULL,NULL,'系统启动',NULL,'系统启动','2019-05-15 17:41:38',NULL,NULL,NULL,NULL,NULL,'2019-05-15 17:41:38'),(119,NULL,NULL,'系统启动',NULL,'系统启动','2019-05-15 17:41:39',NULL,NULL,NULL,NULL,NULL,'2019-05-15 17:41:39'),(120,NULL,NULL,'系统启动',NULL,'系统启动','2019-05-15 17:43:46',NULL,NULL,NULL,NULL,NULL,'2019-05-15 17:43:46'),(121,NULL,NULL,'系统启动',NULL,'系统启动','2019-05-15 18:24:45',NULL,NULL,NULL,NULL,NULL,'2019-05-15 18:24:45'),(122,NULL,NULL,'系统启动',NULL,'系统启动','2019-05-16 12:55:34',NULL,NULL,NULL,NULL,NULL,'2019-05-16 12:55:34'),(123,NULL,NULL,'系统启动',NULL,'系统启动','2019-05-18 11:29:30',NULL,NULL,NULL,NULL,NULL,'2019-05-18 11:29:30'),(124,NULL,NULL,'系统启动',NULL,'系统启动','2019-05-20 09:22:56',NULL,NULL,NULL,NULL,NULL,'2019-05-20 09:22:56'),(125,NULL,NULL,'系统启动',NULL,'系统启动','2019-05-21 10:59:25',NULL,NULL,NULL,NULL,NULL,'2019-05-21 10:59:25'),(126,NULL,NULL,'系统启动',NULL,'系统启动','2019-05-21 14:49:22',NULL,NULL,NULL,NULL,NULL,'2019-05-21 14:49:22'),(127,NULL,NULL,'系统启动',NULL,'系统启动','2019-05-21 16:44:31',NULL,NULL,NULL,NULL,NULL,'2019-05-21 16:44:31'),(128,NULL,NULL,'系统启动',NULL,'系统启动','2019-05-21 17:06:42',NULL,NULL,NULL,NULL,NULL,'2019-05-21 17:06:42'),(129,NULL,NULL,'系统启动',NULL,'系统启动','2019-05-22 14:37:08',NULL,NULL,NULL,NULL,NULL,'2019-05-22 14:37:08'),(130,NULL,NULL,'系统启动',NULL,'系统启动','2019-05-22 14:42:24',NULL,NULL,NULL,NULL,NULL,'2019-05-22 14:42:24'),(131,NULL,NULL,'系统启动',NULL,'系统启动','2019-05-22 14:45:33',NULL,NULL,NULL,NULL,NULL,'2019-05-22 14:45:33'),(132,NULL,NULL,'系统启动',NULL,'系统启动','2019-05-22 15:40:40',NULL,NULL,NULL,NULL,NULL,'2019-05-22 15:40:40'),(133,NULL,NULL,'系统启动',NULL,'系统启动','2019-05-22 15:45:41',NULL,NULL,NULL,NULL,NULL,'2019-05-22 15:45:41'),(134,NULL,NULL,'系统启动',NULL,'系统启动','2019-05-22 15:55:41',NULL,NULL,NULL,NULL,NULL,'2019-05-22 15:55:41'),(135,NULL,NULL,'系统启动',NULL,'系统启动','2019-05-22 16:01:09',NULL,NULL,NULL,NULL,NULL,'2019-05-22 16:01:09'),(136,NULL,NULL,'系统启动',NULL,'系统启动','2019-05-22 16:01:39',NULL,NULL,NULL,NULL,NULL,'2019-05-22 16:01:39'),(137,NULL,NULL,'系统启动',NULL,'系统启动','2019-05-22 16:06:59',NULL,NULL,NULL,NULL,NULL,'2019-05-22 16:06:59'),(138,NULL,NULL,'系统启动',NULL,'系统启动','2019-05-22 16:08:01',NULL,NULL,NULL,NULL,NULL,'2019-05-22 16:08:01'),(139,NULL,NULL,'系统启动',NULL,'系统启动','2019-05-22 16:19:07',NULL,NULL,NULL,NULL,NULL,'2019-05-22 16:19:07'),(140,NULL,NULL,'系统启动',NULL,'系统启动','2019-05-22 16:21:10',NULL,NULL,NULL,NULL,NULL,'2019-05-22 16:21:10'),(141,NULL,NULL,'系统启动',NULL,'系统启动','2019-05-22 16:28:59',NULL,NULL,NULL,NULL,NULL,'2019-05-22 16:28:59'),(142,NULL,NULL,'系统启动',NULL,'系统启动','2019-05-22 16:31:07',NULL,NULL,NULL,NULL,NULL,'2019-05-22 16:31:07'),(143,NULL,NULL,'系统启动',NULL,'系统启动','2019-05-22 16:39:46',NULL,NULL,NULL,NULL,NULL,'2019-05-22 16:39:46'),(144,NULL,NULL,'系统启动',NULL,'系统启动','2019-05-22 16:40:18',NULL,NULL,NULL,NULL,NULL,'2019-05-22 16:40:18'),(145,NULL,NULL,'系统启动',NULL,'系统启动','2019-05-22 16:50:02',NULL,NULL,NULL,NULL,NULL,'2019-05-22 16:50:02'),(146,NULL,NULL,'系统启动',NULL,'系统启动','2019-05-22 17:19:00',NULL,NULL,NULL,NULL,NULL,'2019-05-22 17:19:00'),(147,NULL,NULL,'系统启动',NULL,'系统启动','2019-05-23 10:43:21',NULL,NULL,NULL,NULL,NULL,'2019-05-23 10:43:21'),(148,NULL,NULL,'系统启动',NULL,'系统启动','2019-05-23 16:07:44',NULL,NULL,NULL,NULL,NULL,'2019-05-23 16:07:44'),(149,NULL,NULL,'系统启动',NULL,'系统启动','2019-05-23 16:10:31',NULL,NULL,NULL,NULL,NULL,'2019-05-23 16:10:31'),(150,NULL,NULL,'系统启动',NULL,'系统启动','2019-05-23 16:12:12',NULL,NULL,NULL,NULL,NULL,'2019-05-23 16:12:12'),(151,NULL,NULL,'系统启动',NULL,'系统启动','2019-05-23 16:14:06',NULL,NULL,NULL,NULL,NULL,'2019-05-23 16:14:06'),(152,NULL,NULL,'系统启动',NULL,'系统启动','2019-05-23 16:17:12',NULL,NULL,NULL,NULL,NULL,'2019-05-23 16:17:12'),(153,NULL,NULL,'系统启动',NULL,'系统启动','2019-05-23 16:17:14',NULL,NULL,NULL,NULL,NULL,'2019-05-23 16:17:14'),(154,NULL,NULL,'系统启动',NULL,'系统启动','2019-05-23 17:17:54',NULL,NULL,NULL,NULL,NULL,'2019-05-23 17:17:54'),(155,NULL,NULL,'系统启动',NULL,'系统启动','2019-05-23 17:22:58',NULL,NULL,NULL,NULL,NULL,'2019-05-23 17:22:58'),(156,NULL,NULL,'系统启动',NULL,'系统启动','2019-05-23 17:23:26',NULL,NULL,NULL,NULL,NULL,'2019-05-23 17:23:26'),(157,NULL,NULL,'系统启动',NULL,'系统启动','2019-05-23 17:25:29',NULL,NULL,NULL,NULL,NULL,'2019-05-23 17:25:29'),(158,NULL,NULL,'系统启动',NULL,'系统启动','2019-05-23 17:26:03',NULL,NULL,NULL,NULL,NULL,'2019-05-23 17:26:03'),(159,NULL,NULL,'系统启动',NULL,'系统启动','2019-05-24 13:25:54',NULL,NULL,NULL,NULL,NULL,'2019-05-24 13:25:54'),(160,NULL,NULL,'系统启动',NULL,'系统启动','2019-05-24 16:20:51',NULL,NULL,NULL,NULL,NULL,'2019-05-24 16:20:51'),(161,NULL,NULL,'系统启动',NULL,'系统启动','2019-05-24 17:43:06',NULL,NULL,NULL,NULL,NULL,'2019-05-24 17:43:06'),(162,NULL,NULL,'系统启动',NULL,'系统启动','2019-05-27 09:24:19',NULL,NULL,NULL,NULL,NULL,'2019-05-27 09:24:19'),(163,NULL,NULL,'系统启动',NULL,'系统启动','2019-05-27 09:34:12',NULL,NULL,NULL,NULL,NULL,'2019-05-27 09:34:12'),(164,NULL,NULL,'系统启动',NULL,'系统启动','2019-05-27 09:41:23',NULL,NULL,NULL,NULL,NULL,'2019-05-27 09:41:23'),(165,NULL,NULL,'系统启动',NULL,'系统启动','2019-05-27 09:42:56',NULL,NULL,NULL,NULL,NULL,'2019-05-27 09:42:56'),(166,NULL,NULL,'系统启动',NULL,'系统启动','2019-05-27 09:43:50',NULL,NULL,NULL,NULL,NULL,'2019-05-27 09:43:50'),(167,NULL,NULL,'系统启动',NULL,'系统启动','2019-05-27 10:23:46',NULL,NULL,NULL,NULL,NULL,'2019-05-27 10:23:46'),(168,NULL,NULL,'系统启动',NULL,'系统启动','2019-05-27 13:26:43',NULL,NULL,NULL,NULL,NULL,'2019-05-27 13:26:43'),(169,NULL,NULL,'系统启动',NULL,'系统启动','2019-05-27 13:28:29',NULL,NULL,NULL,NULL,NULL,'2019-05-27 13:28:29'),(170,NULL,NULL,'系统启动',NULL,'系统启动','2019-05-27 13:30:18',NULL,NULL,NULL,NULL,NULL,'2019-05-27 13:30:18'),(171,NULL,NULL,'系统启动',NULL,'系统启动','2019-05-27 13:30:19',NULL,NULL,NULL,NULL,NULL,'2019-05-27 13:30:19'),(172,NULL,NULL,'系统启动',NULL,'系统启动','2019-05-27 13:32:21',NULL,NULL,NULL,NULL,NULL,'2019-05-27 13:32:21'),(173,NULL,NULL,'系统启动',NULL,'系统启动','2019-05-27 13:32:21',NULL,NULL,NULL,NULL,NULL,'2019-05-27 13:32:21'),(174,NULL,NULL,'系统启动',NULL,'系统启动','2019-05-27 13:32:22',NULL,NULL,NULL,NULL,NULL,'2019-05-27 13:32:22'),(175,NULL,NULL,'系统启动',NULL,'系统启动','2019-05-27 13:38:17',NULL,NULL,NULL,NULL,NULL,'2019-05-27 13:38:17'),(176,NULL,NULL,'系统启动',NULL,'系统启动','2019-05-27 13:38:17',NULL,NULL,NULL,NULL,NULL,'2019-05-27 13:38:17'),(177,NULL,NULL,'系统启动',NULL,'系统启动','2019-05-27 13:38:17',NULL,NULL,NULL,NULL,NULL,'2019-05-27 13:38:17'),(178,NULL,NULL,'系统启动',NULL,'系统启动','2019-05-27 14:23:50',NULL,NULL,NULL,NULL,NULL,'2019-05-27 14:23:50'),(179,NULL,NULL,'系统启动',NULL,'系统启动','2019-05-27 14:43:11',NULL,NULL,NULL,NULL,NULL,'2019-05-27 14:43:11'),(180,NULL,NULL,'系统启动',NULL,'系统启动','2019-05-27 14:46:35',NULL,NULL,NULL,NULL,NULL,'2019-05-27 14:46:35'),(181,NULL,NULL,'系统启动',NULL,'系统启动','2019-05-27 14:47:18',NULL,NULL,NULL,NULL,NULL,'2019-05-27 14:47:18'),(182,NULL,NULL,'系统启动',NULL,'系统启动','2019-05-27 16:29:06',NULL,NULL,NULL,NULL,NULL,'2019-05-27 16:29:06'),(183,NULL,NULL,'系统启动',NULL,'系统启动','2019-05-27 16:31:24',NULL,NULL,NULL,NULL,NULL,'2019-05-27 16:31:24'),(185,NULL,NULL,'系统启动',NULL,'系统启动','2019-05-28 10:31:04',NULL,NULL,NULL,NULL,NULL,'2019-05-28 10:31:04'),(186,NULL,NULL,'系统启动',NULL,'系统启动','2019-05-28 10:33:32',NULL,NULL,NULL,NULL,NULL,'2019-05-28 10:33:32'),(187,NULL,NULL,'系统启动',NULL,'系统启动','2019-05-28 10:33:56',NULL,NULL,NULL,NULL,NULL,'2019-05-28 10:33:56'),(188,NULL,NULL,'系统启动',NULL,'系统启动','2019-05-28 10:34:18',NULL,NULL,NULL,NULL,NULL,'2019-05-28 10:34:18'),(189,NULL,NULL,'系统启动',NULL,'系统启动','2019-05-28 10:39:11',NULL,NULL,NULL,NULL,NULL,'2019-05-28 10:39:11'),(190,NULL,NULL,'系统启动',NULL,'系统启动','2019-05-28 13:24:08',NULL,NULL,NULL,NULL,NULL,'2019-05-28 13:24:08'),(191,NULL,NULL,'系统启动',NULL,'系统启动','2019-05-28 13:27:12',NULL,NULL,NULL,NULL,NULL,'2019-05-28 13:27:12'),(192,NULL,NULL,'系统启动',NULL,'系统启动','2019-05-28 13:34:18',NULL,NULL,NULL,NULL,NULL,'2019-05-28 13:34:18'),(193,NULL,NULL,'系统启动',NULL,'系统启动','2019-05-28 13:38:53',NULL,NULL,NULL,NULL,NULL,'2019-05-28 13:38:53'),(194,NULL,NULL,'系统启动',NULL,'系统启动','2019-05-28 14:18:17',NULL,NULL,NULL,NULL,NULL,'2019-05-28 14:18:17'),(195,NULL,NULL,'系统启动',NULL,'系统启动','2019-05-28 14:34:35',NULL,NULL,NULL,NULL,NULL,'2019-05-28 14:34:35'),(196,NULL,NULL,'系统启动',NULL,'系统启动','2019-05-31 08:56:20',NULL,NULL,NULL,NULL,NULL,'2019-05-31 08:56:20'),(197,NULL,NULL,'系统启动',NULL,'系统启动','2019-05-31 13:33:35',NULL,NULL,NULL,NULL,NULL,'2019-05-31 13:33:35'),(198,NULL,NULL,'系统启动',NULL,'系统启动','2019-05-31 13:36:04',NULL,NULL,NULL,NULL,NULL,'2019-05-31 13:36:04'),(199,NULL,NULL,'系统启动',NULL,'系统启动','2019-05-31 13:36:53',NULL,NULL,NULL,NULL,NULL,'2019-05-31 13:36:53'),(200,NULL,NULL,'系统启动',NULL,'系统启动','2019-05-31 13:37:33',NULL,NULL,NULL,NULL,NULL,'2019-05-31 13:37:33'),(201,NULL,NULL,'系统启动',NULL,'系统启动','2019-05-31 13:40:01',NULL,NULL,NULL,NULL,NULL,'2019-05-31 13:40:01'),(202,NULL,NULL,'系统启动',NULL,'系统启动','2019-05-31 13:41:00',NULL,NULL,NULL,NULL,NULL,'2019-05-31 13:41:00'),(203,NULL,NULL,'系统启动',NULL,'系统启动','2019-05-31 13:41:28',NULL,NULL,NULL,NULL,NULL,'2019-05-31 13:41:28'),(204,NULL,NULL,'系统启动',NULL,'系统启动','2019-05-31 14:23:43',NULL,NULL,NULL,NULL,NULL,'2019-05-31 14:23:43'),(205,NULL,NULL,'系统启动',NULL,'系统启动','2019-05-31 14:25:56',NULL,NULL,NULL,NULL,NULL,'2019-05-31 14:25:56'),(206,NULL,NULL,'系统启动',NULL,'系统启动','2019-05-31 14:26:18',NULL,NULL,NULL,NULL,NULL,'2019-05-31 14:26:18'),(207,NULL,NULL,'系统启动',NULL,'系统启动','2019-06-04 16:31:56',NULL,NULL,NULL,NULL,NULL,'2019-06-04 16:31:56'),(208,NULL,NULL,'系统启动',NULL,'系统启动','2019-06-04 16:56:09',NULL,NULL,NULL,NULL,NULL,'2019-06-04 16:56:09'),(209,NULL,NULL,'系统启动',NULL,'系统启动','2019-06-04 16:57:15',NULL,NULL,NULL,NULL,NULL,'2019-06-04 16:57:15'),(210,NULL,NULL,'系统启动',NULL,'系统启动','2019-06-04 16:58:10',NULL,NULL,NULL,NULL,NULL,'2019-06-04 16:58:10'),(211,NULL,NULL,'系统启动',NULL,'系统启动','2019-06-04 16:58:28',NULL,NULL,NULL,NULL,NULL,'2019-06-04 16:58:28'),(212,NULL,NULL,'系统启动',NULL,'系统启动','2019-06-04 17:47:10',NULL,NULL,NULL,NULL,NULL,'2019-06-04 17:47:10'),(213,NULL,NULL,'系统启动',NULL,'系统启动','2019-06-11 08:42:39',NULL,NULL,NULL,NULL,NULL,'2019-06-11 08:42:39'),(214,NULL,NULL,'系统启动',NULL,'系统启动','2019-06-11 10:06:57',NULL,NULL,NULL,NULL,NULL,'2019-06-11 10:06:57'),(215,NULL,NULL,'系统启动',NULL,'系统启动','2019-06-11 14:28:21',NULL,NULL,NULL,NULL,NULL,'2019-06-11 14:28:21'),(216,NULL,NULL,'系统启动',NULL,'系统启动','2019-06-12 15:01:20',NULL,NULL,NULL,NULL,NULL,'2019-06-12 15:01:20'),(217,NULL,NULL,'系统启动',NULL,'系统启动','2019-06-13 15:50:37',NULL,NULL,NULL,NULL,NULL,'2019-06-13 15:50:37'),(218,NULL,NULL,'系统启动',NULL,'系统启动','2019-06-13 15:56:05',NULL,NULL,NULL,NULL,NULL,'2019-06-13 15:56:05'),(219,NULL,NULL,'系统启动',NULL,'系统启动','2019-06-13 16:29:55',NULL,NULL,NULL,NULL,NULL,'2019-06-13 16:29:55'),(220,NULL,NULL,'系统启动',NULL,'系统启动','2019-06-13 16:36:39',NULL,NULL,NULL,NULL,NULL,'2019-06-13 16:36:39'),(221,NULL,NULL,'系统启动',NULL,'系统启动','2019-06-13 17:02:24',NULL,NULL,NULL,NULL,NULL,'2019-06-13 17:02:24'),(222,NULL,NULL,'系统启动',NULL,'系统启动','2019-06-13 17:32:26',NULL,NULL,NULL,NULL,NULL,'2019-06-13 17:32:26'),(223,NULL,NULL,'系统启动',NULL,'系统启动','2019-06-13 18:02:08',NULL,NULL,NULL,NULL,NULL,'2019-06-13 18:02:08'),(224,NULL,NULL,'系统启动',NULL,'系统启动','2019-06-13 18:06:29',NULL,NULL,NULL,NULL,NULL,'2019-06-13 18:06:29'),(225,NULL,NULL,'系统启动',NULL,'系统启动','2019-06-13 18:07:40',NULL,NULL,NULL,NULL,NULL,'2019-06-13 18:07:40'),(226,NULL,NULL,'系统启动',NULL,'系统启动','2019-06-13 18:07:58',NULL,NULL,NULL,NULL,NULL,'2019-06-13 18:07:58'),(227,NULL,NULL,'系统启动',NULL,'系统启动','2019-06-14 09:36:49',NULL,NULL,NULL,NULL,NULL,'2019-06-14 09:36:49'),(228,NULL,NULL,'系统启动',NULL,'系统启动','2019-06-14 09:37:40',NULL,NULL,NULL,NULL,NULL,'2019-06-14 09:37:40'),(229,NULL,NULL,'系统启动',NULL,'系统启动','2019-06-14 09:57:49',NULL,NULL,NULL,NULL,NULL,'2019-06-14 09:57:49'),(230,NULL,NULL,'系统启动',NULL,'系统启动','2019-06-14 10:07:03',NULL,NULL,NULL,NULL,NULL,'2019-06-14 10:07:03'),(231,NULL,NULL,'系统启动',NULL,'系统启动','2019-06-14 10:11:53',NULL,NULL,NULL,NULL,NULL,'2019-06-14 10:11:53'),(232,NULL,NULL,'系统启动',NULL,'系统启动','2019-06-14 10:12:42',NULL,NULL,NULL,NULL,NULL,'2019-06-14 10:12:42'),(233,NULL,NULL,'系统启动',NULL,'系统启动','2019-06-14 10:29:33',NULL,NULL,NULL,NULL,NULL,'2019-06-14 10:29:33'),(234,NULL,NULL,'系统启动',NULL,'系统启动','2019-06-14 10:29:57',NULL,NULL,NULL,NULL,NULL,'2019-06-14 10:29:57'),(235,NULL,NULL,'系统启动',NULL,'系统启动','2019-06-14 10:42:47',NULL,NULL,NULL,NULL,NULL,'2019-06-14 10:42:47'),(236,NULL,NULL,'系统启动',NULL,'系统启动','2019-06-14 11:07:56',NULL,NULL,NULL,NULL,NULL,'2019-06-14 11:07:56'),(237,NULL,NULL,'系统启动',NULL,'系统启动','2019-06-14 14:01:49',NULL,NULL,NULL,NULL,NULL,'2019-06-14 14:01:49'),(238,NULL,NULL,'系统启动',NULL,'系统启动','2019-06-14 14:02:17',NULL,NULL,NULL,NULL,NULL,'2019-06-14 14:02:17'),(239,NULL,NULL,'系统启动',NULL,'系统启动','2019-06-14 14:30:25',NULL,NULL,NULL,NULL,NULL,'2019-06-14 14:30:25'),(240,NULL,NULL,'系统启动',NULL,'系统启动','2019-06-14 14:32:36',NULL,NULL,NULL,NULL,NULL,'2019-06-14 14:32:36'),(241,NULL,NULL,'系统启动',NULL,'系统启动','2019-06-14 14:35:16',NULL,NULL,NULL,NULL,NULL,'2019-06-14 14:35:16'),(242,NULL,NULL,'系统启动',NULL,'系统启动','2019-06-14 14:37:15',NULL,NULL,NULL,NULL,NULL,'2019-06-14 14:37:15'),(243,NULL,NULL,'系统启动',NULL,'系统启动','2019-06-14 14:45:05',NULL,NULL,NULL,NULL,NULL,'2019-06-14 14:45:05'),(244,NULL,NULL,'系统启动',NULL,'系统启动','2019-06-14 14:48:24',NULL,NULL,NULL,NULL,NULL,'2019-06-14 14:48:24'),(245,NULL,NULL,'系统启动',NULL,'系统启动','2019-06-14 14:49:56',NULL,NULL,NULL,NULL,NULL,'2019-06-14 14:49:56'),(246,NULL,NULL,'系统启动',NULL,'系统启动','2019-06-14 14:59:10',NULL,NULL,NULL,NULL,NULL,'2019-06-14 14:59:10'),(247,NULL,NULL,'系统启动',NULL,'系统启动','2019-06-14 14:59:33',NULL,NULL,NULL,NULL,NULL,'2019-06-14 14:59:33'),(248,NULL,NULL,'系统启动',NULL,'系统启动','2019-06-14 14:59:47',NULL,NULL,NULL,NULL,NULL,'2019-06-14 14:59:47'),(249,NULL,NULL,'系统启动',NULL,'系统启动','2019-06-14 15:03:36',NULL,NULL,NULL,NULL,NULL,'2019-06-14 15:03:36'),(250,NULL,NULL,'系统启动',NULL,'系统启动','2019-06-17 09:53:10',NULL,NULL,NULL,NULL,NULL,'2019-06-17 09:53:10'),(251,NULL,NULL,'系统启动',NULL,'系统启动','2019-06-17 13:30:33',NULL,NULL,NULL,NULL,NULL,'2019-06-17 13:30:33'),(252,NULL,NULL,'系统启动',NULL,'系统启动','2019-06-17 13:32:40',NULL,NULL,NULL,NULL,NULL,'2019-06-17 13:32:40'),(253,NULL,NULL,'系统启动',NULL,'系统启动','2019-06-17 13:57:47',NULL,NULL,NULL,NULL,NULL,'2019-06-17 13:57:47'),(254,NULL,NULL,'系统启动',NULL,'系统启动','2019-06-17 13:58:00',NULL,NULL,NULL,NULL,NULL,'2019-06-17 13:58:00'),(255,NULL,NULL,'系统启动',NULL,'系统启动','2019-06-17 13:59:04',NULL,NULL,NULL,NULL,NULL,'2019-06-17 13:59:04'),(256,NULL,NULL,'系统启动',NULL,'系统启动','2019-06-17 14:03:38',NULL,NULL,NULL,NULL,NULL,'2019-06-17 14:03:38'),(257,NULL,NULL,'系统启动',NULL,'系统启动','2019-06-17 14:07:20',NULL,NULL,NULL,NULL,NULL,'2019-06-17 14:07:20'),(258,NULL,NULL,'系统启动',NULL,'系统启动','2019-06-17 15:33:37',NULL,NULL,NULL,NULL,NULL,'2019-06-17 15:33:37'),(259,NULL,NULL,'系统启动',NULL,'系统启动','2019-06-17 15:51:56',NULL,NULL,NULL,NULL,NULL,'2019-06-17 15:51:56'),(260,NULL,NULL,'系统启动',NULL,'系统启动','2019-06-17 15:52:12',NULL,NULL,NULL,NULL,NULL,'2019-06-17 15:52:12'),(261,NULL,NULL,'系统启动',NULL,'系统启动','2019-06-20 13:29:12',NULL,NULL,NULL,NULL,NULL,'2019-06-20 13:29:12'),(262,NULL,NULL,'系统启动',NULL,'系统启动','2019-06-27 10:44:34',NULL,NULL,NULL,NULL,NULL,'2019-06-27 10:44:34'),(263,NULL,NULL,'系统启动',NULL,'系统启动','2019-06-29 08:43:10',NULL,NULL,NULL,NULL,NULL,'2019-06-29 08:43:10'),(264,NULL,NULL,'系统启动',NULL,'系统启动','2019-07-09 16:30:48',NULL,NULL,NULL,NULL,NULL,'2019-07-09 16:30:48'),(265,NULL,NULL,'系统启动',NULL,'系统启动','2019-07-31 10:22:59',NULL,NULL,NULL,NULL,NULL,'2019-07-31 10:22:59'),(266,NULL,NULL,'系统启动',NULL,'系统启动','2019-07-31 10:28:32',NULL,NULL,NULL,NULL,NULL,'2019-07-31 10:28:32'),(267,NULL,NULL,'系统启动',NULL,'系统启动','2019-07-31 15:00:21',NULL,NULL,NULL,NULL,NULL,'2019-07-31 15:00:21'),(268,NULL,NULL,'系统启动',NULL,'系统启动','2019-07-31 15:03:20',NULL,NULL,NULL,NULL,NULL,'2019-07-31 15:03:20'),(269,NULL,NULL,'系统启动',NULL,'系统启动','2019-07-31 15:12:48',NULL,NULL,NULL,NULL,NULL,'2019-07-31 15:12:48'),(270,NULL,NULL,'系统启动',NULL,'系统启动','2019-07-31 15:13:14',NULL,NULL,NULL,NULL,NULL,'2019-07-31 15:13:14'),(271,NULL,NULL,'系统启动',NULL,'系统启动','2019-07-31 16:10:51',NULL,NULL,NULL,NULL,NULL,'2019-07-31 16:10:51'),(272,NULL,NULL,'系统启动',NULL,'系统启动','2019-07-31 16:12:58',NULL,NULL,NULL,NULL,NULL,'2019-07-31 16:12:58'),(273,NULL,NULL,'系统启动',NULL,'系统启动','2019-07-31 16:14:01',NULL,NULL,NULL,NULL,NULL,'2019-07-31 16:14:01'),(274,NULL,NULL,'系统启动',NULL,'系统启动','2019-07-31 17:55:13',NULL,NULL,NULL,NULL,NULL,'2019-07-31 17:55:13'),(275,NULL,NULL,'系统启动',NULL,'系统启动','2019-07-31 17:58:23',NULL,NULL,NULL,NULL,NULL,'2019-07-31 17:58:23'),(276,NULL,NULL,'系统启动',NULL,'系统启动','2019-07-31 18:00:39',NULL,NULL,NULL,NULL,NULL,'2019-07-31 18:00:39'),(277,NULL,NULL,'系统启动',NULL,'系统启动','2019-07-31 18:03:28',NULL,NULL,NULL,NULL,NULL,'2019-07-31 18:03:28'),(278,NULL,NULL,'系统启动',NULL,'系统启动','2019-07-31 18:04:39',NULL,NULL,NULL,NULL,NULL,'2019-07-31 18:04:39'),(279,NULL,NULL,'系统启动',NULL,'系统启动','2019-08-01 10:09:20',NULL,NULL,NULL,NULL,NULL,'2019-08-01 10:09:20'),(280,NULL,NULL,'系统启动',NULL,'系统启动','2019-08-01 15:28:17',NULL,NULL,NULL,NULL,NULL,'2019-08-01 15:28:17'),(281,NULL,NULL,'系统启动',NULL,'系统启动','2019-08-01 15:59:33',NULL,NULL,NULL,NULL,NULL,'2019-08-01 15:59:33'),(282,NULL,NULL,'系统启动',NULL,'系统启动','2019-08-01 16:00:43',NULL,NULL,NULL,NULL,NULL,'2019-08-01 16:00:43'),(283,NULL,NULL,'系统启动',NULL,'系统启动','2019-08-01 16:08:12',NULL,NULL,NULL,NULL,NULL,'2019-08-01 16:08:12'),(284,NULL,NULL,'系统启动',NULL,'系统启动','2019-08-01 17:46:06',NULL,NULL,NULL,NULL,NULL,'2019-08-01 17:46:06'),(285,NULL,NULL,'系统启动',NULL,'系统启动','2019-08-01 17:57:31',NULL,NULL,NULL,NULL,NULL,'2019-08-01 17:57:31');

/*Table structure for table `sys_sms` */

DROP TABLE IF EXISTS `sys_sms`;

CREATE TABLE `sys_sms` (
  `id` BIGINT(20) NOT NULL AUTO_INCREMENT COMMENT '主键',
  `sms_name` VARCHAR(200) NOT NULL COMMENT 'sms名称',
  `sms_template` VARCHAR(1000) DEFAULT NULL COMMENT 'sms模板（云上复制过来）',
  `sms_note` VARCHAR(1000) DEFAULT NULL COMMENT 'sms说明',
  `sms_user` VARCHAR(1000) DEFAULT NULL COMMENT 'sms发送名单（userids）',
  `sms_singname` VARCHAR(200) DEFAULT NULL COMMENT 'sms签名',
  `sms_code` VARCHAR(100) NOT NULL COMMENT 'smsCode 跟云上对应',
  PRIMARY KEY (`id`)
) ENGINE=INNODB AUTO_INCREMENT=3 DEFAULT CHARSET=utf8mb4;

/*Data for the table `sys_sms` */

INSERT  INTO `sys_sms`(`id`,`sms_name`,`sms_template`,`sms_note`,`sms_user`,`sms_singname`,`sms_code`) VALUES (2,'test','test','test','4,2,','test','test');

/*Table structure for table `sys_store` */

DROP TABLE IF EXISTS `sys_store`;

CREATE TABLE `sys_store` (
  `id` BIGINT(20) NOT NULL AUTO_INCREMENT,
  `port` VARCHAR(10) DEFAULT NULL COMMENT 'port',
  `ip` VARCHAR(50) DEFAULT NULL COMMENT 'ip',
  `instance_user` VARCHAR(20) DEFAULT NULL COMMENT '用户名',
  `instance_pass` VARCHAR(200) DEFAULT NULL COMMENT '数据库密码',
  `instance_type` VARCHAR(50) DEFAULT NULL COMMENT '数据库类型',
  `corn` VARCHAR(100) DEFAULT NULL COMMENT '定时corn表达式',
  `database_name` VARCHAR(200) DEFAULT NULL COMMENT '数据库名称',
  `remark` VARCHAR(200) DEFAULT NULL COMMENT '备注',
  `active_time` TINYINT(2) DEFAULT '0' COMMENT '是否开启定时 0 不开启',
  PRIMARY KEY (`id`)
) ENGINE=INNODB AUTO_INCREMENT=4 DEFAULT CHARSET=utf8;

/*Data for the table `sys_store` */

INSERT  INTO `sys_store`(`id`,`port`,`ip`,`instance_user`,`instance_pass`,`instance_type`,`corn`,`database_name`,`remark`,`active_time`) VALUES (1,'3306','localhost','lq','593BBAA550740598FD156B8AFCE40D4B','mysql',NULL,'emv','',0),(2,'3306','localhost','lq','593BBAA550740598FD156B8AFCE40D4B','mysql',NULL,'leas','',1),(3,'1521','192.168.1.130','jzzx','731289DEB60D2977D2D791AD2BA71503','oracle',NULL,'orcl','',0);

/*Table structure for table `sys_user` */

DROP TABLE IF EXISTS `sys_user`;

CREATE TABLE `sys_user` (
  `id` BIGINT(20) NOT NULL AUTO_INCREMENT COMMENT '主键',
  `username` VARCHAR(32) NOT NULL COMMENT '用户名(登录名称)',
  `password` VARCHAR(128) NOT NULL COMMENT '密码',
  `avatar` VARCHAR(128) DEFAULT NULL COMMENT '用户头像',
  `organ_id` BIGINT(20) DEFAULT NULL COMMENT '用户单位',
  `display_name` VARCHAR(128) DEFAULT NULL COMMENT '用户名称(中文)',
  `last_password` VARCHAR(128) DEFAULT NULL COMMENT '上次使用的密码',
  `create_user_id` BIGINT(20) DEFAULT NULL COMMENT '创建人',
  `update_user_id` BIGINT(20) DEFAULT NULL COMMENT '修改人',
  `create_time` DATETIME NOT NULL COMMENT '创建时间',
  `update_time` DATETIME NOT NULL COMMENT '修改时间',
  `is_enabled` TINYINT(1) NOT NULL DEFAULT '1' COMMENT '账户状态(1:激活,0:冻结)',
  `remark` VARCHAR(128) DEFAULT NULL COMMENT '备注',
  `organ_name` VARCHAR(128) DEFAULT NULL COMMENT '单位名称',
  `email` VARCHAR(100) DEFAULT NULL COMMENT '邮箱',
  `phone` VARCHAR(50) DEFAULT NULL COMMENT '手机号',
  PRIMARY KEY (`id`)
) ENGINE=INNODB AUTO_INCREMENT=5 DEFAULT CHARSET=utf8 ROW_FORMAT=DYNAMIC COMMENT='用户';

/*Data for the table `sys_user` */

INSERT  INTO `sys_user`(`id`,`username`,`password`,`avatar`,`organ_id`,`display_name`,`last_password`,`create_user_id`,`update_user_id`,`create_time`,`update_time`,`is_enabled`,`remark`,`organ_name`,`email`,`phone`) VALUES (2,'1111','7e5481d3495a294be63266e66b4d2c53','',5,'wbz001','',1,NULL,'2018-09-25 11:11:46','2018-11-30 15:33:54',1,'我啊','黄岛区无线电管理','ss@126.com','11111111111'),(3,'admin','7e5481d3495a294be63266e66b4d2c53','',1,'管理员','',2,NULL,'2018-11-30 13:09:13','2018-11-30 13:09:13',1,'','青岛市无线电管理','sss@163.com','11111111111'),(4,'ptyh','7e5481d3495a294be63266e66b4d2c53',NULL,2,'普通用户',NULL,3,NULL,'2019-04-10 09:53:03','2019-04-10 09:53:03',1,NULL,'李沧区无线电管理','1111@qq.com','11111111111');

/*Table structure for table `sys_user_role` */

DROP TABLE IF EXISTS `sys_user_role`;

CREATE TABLE `sys_user_role` (
  `id` BIGINT(20) NOT NULL AUTO_INCREMENT COMMENT '主键',
  `user_id` BIGINT(20) NOT NULL COMMENT '用户id',
  `role_id` BIGINT(20) NOT NULL COMMENT '角色id',
  PRIMARY KEY (`id`)
) ENGINE=INNODB AUTO_INCREMENT=17 DEFAULT CHARSET=utf8 ROW_FORMAT=DYNAMIC COMMENT='用户角色关系表';

/*Data for the table `sys_user_role` */

INSERT  INTO `sys_user_role`(`id`,`user_id`,`role_id`) VALUES (5,6,1),(16,3,1);

/*!40101 SET SQL_MODE=@OLD_SQL_MODE */;
/*!40014 SET FOREIGN_KEY_CHECKS=@OLD_FOREIGN_KEY_CHECKS */;
/*!40014 SET UNIQUE_CHECKS=@OLD_UNIQUE_CHECKS */;
/*!40111 SET SQL_NOTES=@OLD_SQL_NOTES */;
